OrderID,CustomerID,OrderDate,ProductID,Quantity,UnitPrice,DiscountApplied,SubscriptionStatus
ORD4033,CUST048,2023-12-12,PROD009,3,50.53,10.0,No
ORD2927,CUST408,2023-09-12,PROD001,2,29.73,10.0,No
ORD7582,CUST182,2022-06-10,PROD008,3,51.05,10.0,No
ORD1468,CUST332,2022-01-07,PROD006,2,54.59,10.0,No
ORD9891,CUST434,2022-09-27,PROD002,1,29.68,10.0,No
ORD1253,CUST320,2024-08-29,PROD001,2,29.73,0.0,No
ORD3609,CUST099,2023-08-19,PROD005,1,37.2,10.0,No
ORD2467,CUST122,2024-10-26,PROD003,2,45.84,10.0,No
ORD8593,CUST468,2023-03-08,PROD006,1,54.59,5.0,No
ORD4028,CUST133,2022-05-17,PROD005,2,37.2,0.0,No
ORD6983,CUST023,2023-02-04,PROD007,3,47.93,0.0,Yes
ORD7231,CUST349,2022-02-10,PROD003,3,45.84,10.0,No
ORD8721,CUST491,2023-02-17,PROD007,1,47.93,10.0,No
ORD2095,CUST279,2022-08-15,PROD002,2,29.68,5.0,No
ORD3462,CUST225,2022-01-27,PROD006,1,54.59,10.0,Yes
ORD3107,CUST281,2023-04-16,PROD003,1,45.84,5.0,No
ORD5973,CUST052,2024-08-08,PROD005,2,37.2,10.0,Yes
ORD8406,CUST362,2022-03-14,PROD005,3,37.2,0.0,No
ORD5289,CUST229,2022-05-17,PROD008,2,51.05,0.0,Yes
ORD9844,CUST076,2023-05-01,PROD003,2,45.84,0.0,Yes
ORD8849,CUST050,2024-06-10,PROD006,1,54.59,10.0,Yes
ORD7437,CUST465,2024-04-22,PROD001,1,29.73,5.0,Yes
ORD3351,CUST090,2022-06-09,PROD002,2,29.68,10.0,No
ORD6632,CUST100,2023-01-18,PROD004,2,53.8,10.0,Yes
ORD2788,CUST289,2023-01-29,PROD005,1,37.2,10.0,No
ORD2375,CUST443,2022-02-20,PROD006,1,54.59,5.0,No
ORD5225,CUST036,2022-01-14,PROD002,2,29.68,5.0,Yes
ORD2189,CUST316,2022-11-23,PROD008,3,51.05,0.0,Yes
ORD5824,CUST260,2024-06-09,PROD008,3,51.05,10.0,No
ORD3873,CUST187,2024-02-23,PROD003,3,45.84,5.0,Yes
ORD6194,CUST296,2022-01-04,PROD002,2,29.68,0.0,Yes
ORD3982,CUST169,2024-04-24,PROD002,2,29.68,0.0,Yes
ORD7036,CUST078,2024-05-29,PROD007,1,47.93,0.0,Yes
ORD7009,CUST027,2022-07-10,PROD010,3,32.34,5.0,Yes
ORD9602,CUST387,2022-06-16,PROD003,3,45.84,0.0,Yes
ORD5686,CUST414,2024-03-01,PROD002,2,29.68,0.0,No
ORD4000,CUST355,2022-06-28,PROD001,3,29.73,10.0,No
ORD7803,CUST104,2024-01-16,PROD007,2,47.93,10.0,No
ORD8404,CUST280,2022-05-07,PROD002,2,29.68,5.0,Yes
ORD5144,CUST345,2024-07-13,PROD006,2,54.59,0.0,No
ORD8294,CUST105,2022-08-05,PROD002,3,29.68,10.0,No
ORD1180,CUST082,2023-04-02,PROD006,3,54.59,5.0,Yes
ORD2339,CUST269,2023-12-24,PROD005,1,37.2,0.0,No
ORD1486,CUST160,2022-05-02,PROD007,2,47.93,10.0,No
ORD5948,CUST432,2024-11-09,PROD001,2,29.73,5.0,No
ORD7051,CUST364,2023-12-07,PROD009,1,50.53,5.0,Yes
ORD1457,CUST305,2024-07-03,PROD010,2,32.34,5.0,Yes
ORD8327,CUST149,2024-02-10,PROD002,3,29.68,5.0,Yes
ORD8010,CUST255,2022-01-22,PROD005,1,37.2,0.0,No
ORD7134,CUST218,2022-11-25,PROD008,1,51.05,10.0,No
ORD1126,CUST056,2022-03-18,PROD010,3,32.34,10.0,Yes
ORD8320,CUST187,2024-12-16,PROD008,3,51.05,5.0,Yes
ORD4993,CUST107,2024-10-26,PROD010,2,32.34,5.0,No
ORD6325,CUST056,2022-02-18,PROD010,2,32.34,0.0,No
ORD1325,CUST110,2023-04-11,PROD002,3,29.68,10.0,No
ORD6721,CUST225,2024-08-12,PROD008,3,51.05,10.0,No
ORD8254,CUST122,2024-09-30,PROD003,3,45.84,10.0,No
ORD7486,CUST407,2024-08-17,PROD001,3,29.73,10.0,No
ORD1539,CUST083,2023-08-21,PROD007,2,47.93,0.0,Yes
ORD5460,CUST226,2023-08-04,PROD009,2,50.53,5.0,No
ORD8168,CUST192,2022-08-02,PROD010,3,32.34,0.0,No
ORD8442,CUST368,2023-12-29,PROD008,1,51.05,10.0,Yes
ORD8619,CUST284,2022-01-30,PROD001,1,29.73,5.0,No
ORD4928,CUST224,2024-02-09,PROD007,2,47.93,0.0,No
ORD6535,CUST384,2022-05-19,PROD002,1,29.68,10.0,No
ORD1805,CUST308,2023-07-22,PROD009,3,50.53,0.0,No
ORD3805,CUST129,2022-06-05,PROD005,2,37.2,10.0,Yes
ORD3527,CUST399,2023-08-17,PROD007,2,47.93,10.0,No
ORD5796,CUST114,2023-07-08,PROD002,3,29.68,10.0,No
ORD3169,CUST153,2024-03-06,PROD002,3,29.68,0.0,No
ORD9402,CUST485,2022-06-13,PROD006,1,54.59,5.0,No
ORD1336,CUST338,2024-02-24,PROD009,2,50.53,10.0,No
ORD9867,CUST336,2024-06-19,PROD004,1,53.8,5.0,No
ORD6387,CUST086,2024-05-21,PROD006,1,54.59,5.0,No
ORD4141,CUST498,2022-03-07,PROD010,2,32.34,10.0,No
ORD9121,CUST320,2022-08-03,PROD003,3,45.84,10.0,No
ORD5825,CUST145,2022-04-23,PROD001,1,29.73,10.0,Yes
ORD2642,CUST378,2023-03-29,PROD007,1,47.93,0.0,No
ORD5590,CUST380,2022-12-26,PROD009,3,50.53,5.0,Yes
ORD7244,CUST206,2024-11-17,PROD007,1,47.93,5.0,Yes
ORD7736,CUST186,2022-11-21,PROD001,2,29.73,5.0,No
ORD7175,CUST209,2022-03-03,PROD009,3,50.53,0.0,No
ORD1039,CUST025,2024-06-21,PROD001,1,29.73,10.0,Yes
ORD9755,CUST433,2023-05-11,PROD008,2,51.05,10.0,Yes
ORD2987,CUST246,2023-04-15,PROD006,2,54.59,0.0,No
ORD3503,CUST174,2024-12-17,PROD002,2,29.68,0.0,Yes
ORD5111,CUST176,2022-09-16,PROD007,1,47.93,5.0,Yes
ORD3049,CUST282,2023-08-04,PROD007,1,47.93,5.0,No
ORD1185,CUST258,2022-05-16,PROD001,1,29.73,5.0,Yes
ORD8284,CUST298,2024-06-13,PROD005,3,37.2,0.0,No
ORD7338,CUST124,2023-07-12,PROD005,3,37.2,0.0,No
ORD3323,CUST202,2023-11-20,PROD001,3,29.73,10.0,No
ORD6579,CUST079,2022-12-22,PROD002,3,29.68,0.0,No
ORD6252,CUST444,2024-05-10,PROD009,1,50.53,10.0,No
ORD7129,CUST186,2024-09-20,PROD002,3,29.68,10.0,Yes
ORD7628,CUST109,2024-08-15,PROD001,1,29.73,5.0,No
ORD4598,CUST040,2024-10-17,PROD005,2,37.2,10.0,No
ORD8171,CUST168,2023-08-15,PROD006,1,54.59,0.0,No
ORD3830,CUST133,2024-01-25,PROD001,3,29.73,5.0,Yes
ORD2839,CUST387,2024-10-19,PROD010,3,32.34,0.0,Yes
ORD9410,CUST269,2024-01-01,PROD002,1,29.68,10.0,Yes
ORD9359,CUST276,2022-11-01,PROD004,2,53.8,5.0,No
ORD3666,CUST373,2023-11-12,PROD007,3,47.93,0.0,Yes
ORD1543,CUST093,2024-06-25,PROD009,3,50.53,10.0,No
ORD7193,CUST299,2022-07-23,PROD009,2,50.53,10.0,Yes
ORD3229,CUST487,2023-10-02,PROD008,2,51.05,5.0,Yes
ORD8049,CUST404,2022-04-29,PROD004,1,53.8,10.0,Yes
ORD9056,CUST182,2024-07-19,PROD010,1,32.34,10.0,No
ORD7032,CUST157,2022-11-14,PROD006,2,54.59,10.0,No
ORD8396,CUST304,2024-12-06,PROD001,2,29.73,5.0,No
ORD6561,CUST211,2023-10-05,PROD007,1,47.93,5.0,No
ORD5329,CUST022,2022-04-22,PROD009,1,50.53,10.0,No
ORD8877,CUST394,2024-10-02,PROD010,1,32.34,0.0,Yes
ORD2752,CUST112,2023-03-20,PROD010,3,32.34,5.0,No
ORD7112,CUST247,2023-05-10,PROD010,1,32.34,0.0,Yes
ORD3489,CUST345,2024-12-08,PROD004,2,53.8,0.0,No
ORD2467,CUST367,2023-09-04,PROD001,3,29.73,5.0,No
ORD5826,CUST374,2024-04-20,PROD005,2,37.2,5.0,No
ORD6733,CUST101,2024-04-07,PROD003,1,45.84,5.0,No
ORD9654,CUST124,2022-01-25,PROD003,2,45.84,5.0,No
ORD9771,CUST128,2022-03-27,PROD007,3,47.93,0.0,No
ORD7745,CUST336,2022-05-04,PROD005,2,37.2,5.0,No
ORD9212,CUST206,2023-10-01,PROD005,1,37.2,10.0,No
ORD2221,CUST303,2024-01-29,PROD010,3,32.34,0.0,No
ORD1338,CUST228,2024-11-15,PROD002,2,29.68,10.0,No
ORD2264,CUST179,2024-05-13,PROD009,1,50.53,10.0,No
ORD8730,CUST417,2022-03-03,PROD010,3,32.34,10.0,No
ORD3724,CUST046,2022-05-17,PROD006,3,54.59,10.0,No
ORD8952,CUST365,2023-01-21,PROD010,3,32.34,5.0,No
ORD2773,CUST038,2023-07-14,PROD003,1,45.84,5.0,Yes
ORD2043,CUST458,2023-08-24,PROD004,1,53.8,10.0,No
ORD9394,CUST259,2022-06-16,PROD009,2,50.53,0.0,No
ORD9255,CUST357,2024-08-07,PROD006,3,54.59,0.0,No
ORD7438,CUST132,2024-08-01,PROD003,3,45.84,5.0,No
ORD4936,CUST051,2022-08-19,PROD005,1,37.2,5.0,No
ORD9322,CUST007,2023-08-16,PROD003,2,45.84,5.0,No
ORD7383,CUST268,2024-09-12,PROD004,3,53.8,10.0,Yes
ORD3595,CUST059,2024-11-06,PROD008,2,51.05,0.0,No
ORD2615,CUST167,2022-06-28,PROD008,1,51.05,5.0,Yes
ORD4643,CUST468,2024-01-12,PROD009,3,50.53,5.0,No
ORD3885,CUST280,2023-03-17,PROD003,3,45.84,5.0,No
ORD8243,CUST022,2024-08-27,PROD003,2,45.84,0.0,No
ORD7628,CUST349,2023-02-26,PROD001,1,29.73,10.0,No
ORD1267,CUST246,2024-04-11,PROD002,2,29.68,0.0,Yes
ORD9380,CUST141,2023-11-18,PROD004,1,53.8,10.0,No
ORD5185,CUST388,2024-10-28,PROD002,1,29.68,10.0,Yes
ORD6029,CUST087,2023-10-17,PROD007,1,47.93,0.0,Yes
ORD4978,CUST481,2024-09-20,PROD003,3,45.84,5.0,No
ORD5548,CUST009,2022-04-23,PROD006,3,54.59,0.0,No
ORD3363,CUST186,2024-01-24,PROD003,2,45.84,5.0,Yes
ORD1397,CUST116,2024-08-26,PROD009,2,50.53,0.0,Yes
ORD4839,CUST237,2024-03-05,PROD005,3,37.2,10.0,No
ORD7524,CUST500,2024-07-01,PROD005,2,37.2,10.0,No
ORD4505,CUST391,2024-02-21,PROD002,2,29.68,10.0,No
ORD6267,CUST134,2024-03-30,PROD009,3,50.53,10.0,Yes
ORD8053,CUST220,2023-02-01,PROD010,1,32.34,5.0,No
ORD5190,CUST079,2023-01-18,PROD002,3,29.68,5.0,No
ORD7996,CUST250,2022-05-27,PROD010,3,32.34,0.0,No
ORD1555,CUST052,2023-08-31,PROD009,3,50.53,0.0,Yes
ORD9773,CUST342,2022-11-04,PROD005,2,37.2,10.0,No
ORD8831,CUST200,2023-01-11,PROD004,3,53.8,10.0,No
ORD8895,CUST458,2023-03-05,PROD006,2,54.59,5.0,No
ORD5065,CUST008,2022-05-08,PROD004,1,53.8,0.0,No
ORD5587,CUST205,2023-07-20,PROD010,1,32.34,10.0,No
ORD6078,CUST255,2024-05-20,PROD008,3,51.05,5.0,No
ORD9118,CUST177,2023-03-18,PROD004,1,53.8,5.0,Yes
ORD7900,CUST037,2024-04-06,PROD007,3,47.93,5.0,No
ORD5753,CUST347,2024-11-04,PROD009,2,50.53,5.0,No
ORD6862,CUST413,2023-03-06,PROD007,1,47.93,5.0,No
ORD8775,CUST018,2023-11-12,PROD005,3,37.2,0.0,No
ORD1880,CUST466,2022-11-30,PROD007,2,47.93,10.0,No
ORD1666,CUST364,2023-08-20,PROD010,2,32.34,5.0,No
ORD1461,CUST157,2022-07-29,PROD008,2,51.05,10.0,No
ORD7129,CUST003,2024-11-19,PROD002,1,29.68,0.0,Yes
ORD2312,CUST366,2024-05-20,PROD003,1,45.84,0.0,No
ORD1326,CUST283,2022-12-18,PROD009,2,50.53,5.0,No
ORD9624,CUST213,2022-01-29,PROD007,3,47.93,10.0,No
ORD4722,CUST120,2023-07-15,PROD009,1,50.53,0.0,No
ORD7413,CUST027,2024-08-20,PROD009,1,50.53,5.0,Yes
ORD5578,CUST154,2024-11-23,PROD001,3,29.73,0.0,No
ORD6414,CUST246,2024-02-26,PROD007,3,47.93,0.0,No
ORD9769,CUST040,2023-12-11,PROD004,1,53.8,5.0,No
ORD7445,CUST333,2024-03-27,PROD007,3,47.93,10.0,No
ORD2802,CUST024,2022-09-11,PROD002,2,29.68,10.0,Yes
ORD3563,CUST488,2022-02-11,PROD009,3,50.53,5.0,Yes
ORD7404,CUST281,2024-02-02,PROD010,1,32.34,10.0,Yes
ORD5823,CUST027,2022-04-30,PROD004,1,53.8,5.0,No
ORD9343,CUST192,2023-01-27,PROD007,3,47.93,0.0,Yes
ORD8546,CUST010,2023-05-31,PROD004,1,53.8,10.0,No
ORD7635,CUST247,2022-08-13,PROD002,3,29.68,5.0,No
ORD7220,CUST375,2023-01-29,PROD007,3,47.93,10.0,No
ORD9423,CUST116,2024-11-25,PROD007,2,47.93,5.0,No
ORD8159,CUST498,2022-08-21,PROD007,1,47.93,10.0,No
ORD4067,CUST153,2022-04-22,PROD004,1,53.8,0.0,No
ORD2882,CUST360,2024-07-03,PROD005,2,37.2,10.0,No
ORD3972,CUST095,2023-11-10,PROD003,2,45.84,10.0,No
ORD5867,CUST224,2022-04-17,PROD007,1,47.93,0.0,No
ORD9646,CUST015,2023-12-27,PROD005,1,37.2,5.0,No
ORD8949,CUST297,2024-11-26,PROD003,1,45.84,10.0,No
ORD1638,CUST227,2024-12-29,PROD001,3,29.73,5.0,Yes
ORD4598,CUST297,2023-01-06,PROD006,1,54.59,5.0,No
ORD9429,CUST296,2024-12-10,PROD003,3,45.84,5.0,No
ORD8209,CUST229,2023-06-19,PROD001,2,29.73,0.0,Yes
ORD4681,CUST125,2024-11-12,PROD007,2,47.93,0.0,No
ORD6607,CUST044,2022-12-09,PROD005,2,37.2,0.0,Yes
ORD3937,CUST001,2023-05-04,PROD009,1,50.53,5.0,Yes
ORD5893,CUST392,2024-10-17,PROD009,2,50.53,5.0,No
ORD6230,CUST489,2022-10-28,PROD003,3,45.84,0.0,No
ORD2793,CUST248,2023-09-06,PROD002,3,29.68,0.0,Yes
ORD9079,CUST150,2023-07-08,PROD009,1,50.53,5.0,Yes
ORD5675,CUST033,2023-07-12,PROD009,3,50.53,10.0,No
ORD8310,CUST034,2023-05-05,PROD007,1,47.93,10.0,No
ORD4785,CUST035,2023-12-28,PROD010,3,32.34,5.0,Yes
ORD2346,CUST225,2023-02-23,PROD010,3,32.34,5.0,No
ORD9463,CUST062,2022-01-30,PROD009,2,50.53,5.0,Yes
ORD3500,CUST166,2023-10-27,PROD008,3,51.05,10.0,No
ORD7160,CUST067,2024-03-05,PROD010,2,32.34,5.0,Yes
ORD6098,CUST248,2024-05-05,PROD008,3,51.05,5.0,No
ORD6608,CUST084,2024-11-23,PROD003,2,45.84,0.0,No
ORD5625,CUST066,2023-07-08,PROD005,3,37.2,10.0,No
ORD2460,CUST093,2023-04-11,PROD007,3,47.93,5.0,No
ORD2722,CUST116,2022-05-20,PROD010,2,32.34,10.0,No
ORD6947,CUST340,2023-12-13,PROD009,3,50.53,10.0,Yes
ORD7074,CUST047,2022-10-24,PROD004,2,53.8,5.0,No
ORD4987,CUST428,2024-06-11,PROD009,2,50.53,5.0,No
ORD7913,CUST259,2024-11-23,PROD002,3,29.68,0.0,No
ORD7690,CUST239,2023-08-15,PROD003,3,45.84,0.0,No
ORD4230,CUST301,2022-02-01,PROD002,3,29.68,5.0,No
ORD4337,CUST376,2022-07-27,PROD008,1,51.05,0.0,No
ORD9054,CUST425,2022-03-30,PROD005,1,37.2,0.0,No
ORD5775,CUST046,2022-07-24,PROD006,2,54.59,0.0,No
ORD4312,CUST261,2024-11-12,PROD010,2,32.34,0.0,Yes
ORD8050,CUST407,2024-04-23,PROD001,3,29.73,5.0,No
ORD3011,CUST004,2023-02-20,PROD010,2,32.34,0.0,Yes
ORD1133,CUST285,2024-10-25,PROD010,2,32.34,10.0,No
ORD4385,CUST388,2022-08-30,PROD004,3,53.8,5.0,No
ORD8808,CUST405,2023-03-06,PROD010,2,32.34,0.0,No
ORD9218,CUST232,2022-10-03,PROD004,1,53.8,10.0,No
ORD3138,CUST295,2022-03-29,PROD002,3,29.68,10.0,No
ORD2029,CUST151,2022-11-06,PROD009,2,50.53,0.0,No
ORD4448,CUST413,2023-09-21,PROD003,2,45.84,0.0,No
ORD2911,CUST021,2023-09-13,PROD010,3,32.34,10.0,No
ORD3486,CUST052,2024-03-21,PROD010,3,32.34,5.0,Yes
ORD1387,CUST178,2024-11-25,PROD007,2,47.93,10.0,No
ORD9062,CUST347,2024-02-27,PROD001,2,29.73,10.0,Yes
ORD5014,CUST294,2023-08-31,PROD005,1,37.2,5.0,Yes
ORD1373,CUST140,2022-09-10,PROD005,3,37.2,5.0,No
ORD2106,CUST021,2022-08-27,PROD001,2,29.73,5.0,Yes
ORD2312,CUST313,2022-01-01,PROD009,1,50.53,10.0,No
ORD1304,CUST347,2024-01-06,PROD009,3,50.53,5.0,Yes
ORD4148,CUST145,2023-11-18,PROD006,1,54.59,0.0,No
ORD2306,CUST005,2024-04-01,PROD010,3,32.34,0.0,No
ORD1904,CUST362,2022-01-21,PROD001,1,29.73,5.0,Yes
ORD2006,CUST244,2023-03-16,PROD002,2,29.68,5.0,Yes
ORD2151,CUST492,2022-11-05,PROD002,1,29.68,5.0,No
ORD2271,CUST409,2023-02-01,PROD009,3,50.53,5.0,No
ORD6475,CUST152,2024-11-11,PROD005,3,37.2,0.0,No
ORD3403,CUST312,2024-09-20,PROD005,2,37.2,0.0,Yes
ORD2646,CUST074,2023-11-25,PROD008,2,51.05,5.0,No
ORD2759,CUST007,2024-08-11,PROD008,3,51.05,10.0,Yes
ORD3763,CUST287,2024-04-20,PROD002,1,29.68,0.0,No
ORD5790,CUST052,2022-10-17,PROD002,2,29.68,10.0,Yes
ORD5898,CUST148,2024-04-09,PROD002,2,29.68,5.0,No
ORD8890,CUST495,2024-05-07,PROD001,1,29.73,10.0,No
ORD3271,CUST044,2022-02-19,PROD004,3,53.8,5.0,No
ORD1440,CUST425,2022-09-23,PROD006,3,54.59,0.0,Yes
ORD5208,CUST340,2024-09-05,PROD002,3,29.68,5.0,No
ORD2982,CUST023,2024-09-25,PROD007,1,47.93,0.0,No
ORD1912,CUST128,2022-03-06,PROD003,3,45.84,5.0,Yes
ORD5408,CUST331,2022-11-16,PROD008,1,51.05,5.0,No
ORD1786,CUST489,2024-07-25,PROD007,1,47.93,5.0,No
ORD2764,CUST209,2023-12-15,PROD010,3,32.34,0.0,No
ORD7209,CUST385,2024-08-27,PROD006,3,54.59,10.0,No
ORD4472,CUST209,2023-03-22,PROD002,2,29.68,10.0,No
ORD9301,CUST384,2024-04-04,PROD003,3,45.84,5.0,No
ORD4774,CUST364,2022-05-21,PROD010,3,32.34,0.0,No
ORD2673,CUST288,2024-06-13,PROD004,1,53.8,5.0,Yes
ORD1923,CUST160,2023-09-25,PROD010,3,32.34,5.0,No
ORD9470,CUST419,2024-02-16,PROD008,1,51.05,0.0,Yes
ORD9255,CUST369,2024-05-27,PROD008,1,51.05,0.0,No
ORD4298,CUST470,2024-05-30,PROD002,1,29.68,0.0,Yes
ORD4740,CUST170,2023-01-27,PROD004,2,53.8,0.0,No
ORD9917,CUST367,2023-07-01,PROD006,1,54.59,5.0,Yes
ORD3281,CUST433,2023-01-22,PROD006,1,54.59,5.0,Yes
ORD3340,CUST373,2023-01-11,PROD007,3,47.93,10.0,No
ORD8224,CUST342,2024-04-30,PROD001,3,29.73,5.0,No
ORD1206,CUST328,2022-06-22,PROD002,3,29.68,0.0,No
ORD2954,CUST343,2023-09-28,PROD008,1,51.05,5.0,Yes
ORD9767,CUST318,2022-04-14,PROD001,1,29.73,10.0,No
ORD2569,CUST037,2022-06-29,PROD009,3,50.53,5.0,No
ORD6328,CUST441,2024-05-02,PROD002,2,29.68,0.0,No
ORD2137,CUST130,2023-09-16,PROD004,3,53.8,0.0,Yes
ORD4784,CUST478,2022-09-27,PROD010,3,32.34,10.0,Yes
ORD1860,CUST422,2022-10-15,PROD007,3,47.93,0.0,No
ORD1028,CUST241,2024-08-16,PROD010,2,32.34,0.0,Yes
ORD2957,CUST340,2022-03-18,PROD008,3,51.05,10.0,No
ORD7770,CUST288,2023-10-27,PROD003,3,45.84,5.0,Yes
ORD7372,CUST193,2022-01-02,PROD003,2,45.84,0.0,Yes
ORD5174,CUST002,2022-07-18,PROD007,1,47.93,5.0,No
ORD4924,CUST254,2023-07-21,PROD006,3,54.59,10.0,No
ORD5814,CUST161,2022-10-07,PROD003,1,45.84,10.0,No
ORD4322,CUST027,2023-07-23,PROD002,3,29.68,10.0,Yes
ORD5899,CUST235,2023-01-30,PROD004,1,53.8,10.0,No
ORD6086,CUST488,2024-05-15,PROD004,3,53.8,10.0,Yes
ORD2981,CUST155,2022-02-09,PROD003,1,45.84,10.0,No
ORD6719,CUST471,2022-04-05,PROD009,3,50.53,5.0,No
ORD4873,CUST207,2024-02-26,PROD004,2,53.8,0.0,No
ORD4099,CUST193,2024-06-01,PROD003,3,45.84,5.0,Yes
ORD7973,CUST500,2022-03-11,PROD009,1,50.53,10.0,No
ORD4959,CUST489,2022-10-13,PROD008,2,51.05,10.0,No
ORD1844,CUST109,2022-07-21,PROD010,1,32.34,5.0,Yes
ORD3977,CUST475,2022-01-02,PROD002,1,29.68,0.0,No
ORD9091,CUST188,2022-11-30,PROD010,1,32.34,5.0,No
ORD2364,CUST221,2024-11-02,PROD006,1,54.59,0.0,Yes
ORD9617,CUST173,2023-04-06,PROD009,2,50.53,5.0,No
ORD5150,CUST098,2022-07-25,PROD001,3,29.73,10.0,No
ORD4570,CUST220,2022-09-14,PROD002,2,29.68,0.0,No
ORD3165,CUST235,2024-09-21,PROD005,1,37.2,5.0,No
ORD4913,CUST424,2023-12-19,PROD008,3,51.05,0.0,No
ORD2854,CUST308,2022-11-13,PROD006,1,54.59,10.0,No
ORD4353,CUST328,2024-05-28,PROD001,1,29.73,5.0,Yes
ORD4053,CUST486,2022-07-31,PROD009,2,50.53,10.0,No
ORD1544,CUST311,2022-05-15,PROD009,2,50.53,5.0,Yes
ORD3252,CUST467,2022-08-02,PROD009,2,50.53,10.0,No
ORD4528,CUST150,2023-07-28,PROD007,3,47.93,0.0,Yes
ORD7121,CUST280,2024-07-27,PROD008,1,51.05,5.0,No
ORD4863,CUST402,2024-02-22,PROD003,2,45.84,0.0,No
ORD8299,CUST040,2024-09-12,PROD004,3,53.8,5.0,No
ORD6591,CUST297,2023-11-01,PROD007,1,47.93,10.0,No
ORD7508,CUST068,2024-09-30,PROD001,3,29.73,5.0,Yes
ORD3351,CUST321,2022-12-27,PROD007,1,47.93,10.0,No
ORD5975,CUST496,2022-01-03,PROD008,1,51.05,0.0,No
ORD3230,CUST044,2024-01-28,PROD002,3,29.68,0.0,No
ORD7618,CUST062,2024-04-21,PROD004,3,53.8,0.0,No
ORD6393,CUST342,2022-02-01,PROD010,3,32.34,0.0,No
ORD3360,CUST339,2022-08-06,PROD002,3,29.68,0.0,No
ORD5972,CUST006,2024-10-03,PROD001,3,29.73,10.0,No
ORD2130,CUST284,2024-08-29,PROD006,1,54.59,10.0,No
ORD8199,CUST274,2022-07-08,PROD007,2,47.93,5.0,Yes
ORD6486,CUST202,2023-10-14,PROD001,1,29.73,5.0,Yes
ORD3909,CUST247,2024-03-12,PROD008,2,51.05,10.0,Yes
ORD7857,CUST306,2023-11-13,PROD007,3,47.93,5.0,Yes
ORD2472,CUST052,2024-12-20,PROD004,2,53.8,10.0,Yes
ORD5562,CUST290,2024-03-15,PROD005,2,37.2,5.0,No
ORD3433,CUST335,2022-12-29,PROD001,2,29.73,0.0,No
ORD8360,CUST229,2022-07-12,PROD003,3,45.84,5.0,Yes
ORD4761,CUST289,2023-05-29,PROD002,1,29.68,0.0,No
ORD7556,CUST252,2022-07-29,PROD007,2,47.93,0.0,No
ORD3383,CUST324,2023-12-05,PROD005,3,37.2,5.0,Yes
ORD2996,CUST387,2023-06-25,PROD001,1,29.73,5.0,No
ORD4956,CUST233,2022-04-16,PROD002,3,29.68,10.0,Yes
ORD7967,CUST135,2022-07-22,PROD009,1,50.53,5.0,Yes
ORD5119,CUST291,2022-10-17,PROD008,2,51.05,0.0,Yes
ORD5316,CUST313,2024-04-02,PROD001,3,29.73,0.0,Yes
ORD2608,CUST318,2022-04-02,PROD002,3,29.68,5.0,No
ORD8344,CUST212,2022-03-15,PROD006,2,54.59,5.0,No
ORD3460,CUST424,2022-03-04,PROD002,3,29.68,0.0,No
ORD6396,CUST414,2024-08-28,PROD010,3,32.34,0.0,No
ORD2818,CUST452,2023-09-27,PROD004,1,53.8,10.0,Yes
ORD6271,CUST164,2022-11-06,PROD001,1,29.73,0.0,No
ORD6320,CUST308,2024-01-22,PROD002,3,29.68,0.0,Yes
ORD4800,CUST371,2023-03-15,PROD005,3,37.2,10.0,No
ORD5266,CUST242,2023-08-19,PROD005,1,37.2,5.0,Yes
ORD2135,CUST268,2022-08-05,PROD001,3,29.73,10.0,No
ORD7551,CUST495,2022-10-30,PROD004,1,53.8,5.0,Yes
ORD9075,CUST007,2024-06-02,PROD005,1,37.2,0.0,Yes
ORD2048,CUST454,2024-05-04,PROD003,2,45.84,10.0,No
ORD1772,CUST101,2024-12-20,PROD003,2,45.84,5.0,Yes
ORD8057,CUST368,2024-11-02,PROD001,2,29.73,10.0,Yes
ORD7199,CUST288,2024-02-27,PROD005,3,37.2,0.0,No
ORD6602,CUST440,2024-06-02,PROD004,2,53.8,10.0,No
ORD2706,CUST450,2022-06-22,PROD002,2,29.68,5.0,No
ORD8774,CUST067,2023-01-06,PROD006,1,54.59,5.0,No
ORD9355,CUST151,2023-04-09,PROD006,3,54.59,10.0,Yes
ORD8435,CUST439,2024-06-06,PROD006,2,54.59,0.0,No
ORD7813,CUST364,2023-03-04,PROD006,1,54.59,0.0,No
ORD2044,CUST239,2023-09-17,PROD007,1,47.93,10.0,No
ORD3767,CUST324,2023-03-01,PROD006,3,54.59,10.0,No
ORD5822,CUST078,2023-01-03,PROD001,2,29.73,10.0,No
ORD2336,CUST357,2024-11-26,PROD005,1,37.2,0.0,Yes
ORD5676,CUST054,2023-07-09,PROD003,3,45.84,5.0,Yes
ORD1374,CUST253,2024-06-04,PROD002,1,29.68,0.0,Yes
ORD1401,CUST458,2023-10-09,PROD010,1,32.34,10.0,No
ORD1113,CUST457,2023-05-23,PROD002,2,29.68,10.0,No
ORD7451,CUST089,2023-08-05,PROD007,3,47.93,5.0,No
ORD6214,CUST046,2024-09-09,PROD004,1,53.8,0.0,No
ORD2397,CUST352,2023-01-09,PROD001,3,29.73,0.0,Yes
ORD6992,CUST398,2024-10-04,PROD009,3,50.53,0.0,Yes
ORD4764,CUST182,2024-11-12,PROD004,3,53.8,10.0,No
ORD6461,CUST094,2023-04-11,PROD007,1,47.93,0.0,No
ORD4043,CUST052,2022-08-25,PROD005,3,37.2,5.0,No
ORD4741,CUST267,2023-11-19,PROD001,2,29.73,10.0,Yes
ORD4552,CUST112,2024-12-14,PROD003,2,45.84,10.0,No
ORD2571,CUST264,2024-08-23,PROD003,1,45.84,5.0,Yes
ORD9684,CUST073,2024-09-09,PROD001,1,29.73,0.0,No
ORD8574,CUST051,2022-06-28,PROD009,3,50.53,5.0,No
ORD8413,CUST480,2023-10-06,PROD009,2,50.53,10.0,No
ORD8555,CUST256,2023-07-21,PROD008,2,51.05,10.0,No
ORD1895,CUST440,2022-05-19,PROD002,1,29.68,0.0,No
ORD8778,CUST141,2023-03-18,PROD001,1,29.73,0.0,No
ORD5540,CUST422,2024-02-10,PROD007,1,47.93,5.0,No
ORD9115,CUST129,2023-12-25,PROD007,3,47.93,0.0,No
ORD4776,CUST469,2023-06-09,PROD008,2,51.05,10.0,No
ORD9023,CUST058,2023-11-19,PROD003,3,45.84,0.0,Yes
ORD3317,CUST293,2022-03-15,PROD004,3,53.8,10.0,No
ORD7251,CUST493,2024-07-11,PROD001,2,29.73,5.0,No
ORD3602,CUST293,2024-06-18,PROD003,2,45.84,10.0,No
ORD6305,CUST208,2022-03-21,PROD003,1,45.84,5.0,Yes
ORD4708,CUST490,2024-02-28,PROD002,1,29.68,5.0,No
ORD1972,CUST163,2024-10-22,PROD009,1,50.53,0.0,Yes
ORD3650,CUST296,2023-04-23,PROD005,2,37.2,10.0,Yes
ORD9588,CUST019,2023-11-30,PROD006,1,54.59,10.0,No
ORD4131,CUST442,2022-12-20,PROD001,2,29.73,5.0,No
ORD9894,CUST324,2023-10-21,PROD005,2,37.2,5.0,Yes
ORD8189,CUST280,2023-03-05,PROD009,2,50.53,10.0,No
ORD2890,CUST040,2024-09-30,PROD008,3,51.05,10.0,No
ORD9052,CUST033,2023-04-05,PROD001,3,29.73,5.0,No
ORD2368,CUST308,2022-03-13,PROD001,2,29.73,0.0,Yes
ORD4035,CUST312,2023-03-21,PROD004,2,53.8,10.0,No
ORD3458,CUST142,2022-11-21,PROD005,2,37.2,5.0,Yes
ORD3792,CUST220,2024-06-25,PROD001,1,29.73,10.0,No
ORD3272,CUST284,2022-05-01,PROD001,3,29.73,0.0,No
ORD8231,CUST249,2022-05-10,PROD010,1,32.34,0.0,No
ORD5359,CUST240,2022-09-10,PROD009,2,50.53,0.0,Yes
ORD2852,CUST343,2023-12-12,PROD005,1,37.2,10.0,No
ORD3189,CUST443,2022-09-07,PROD010,1,32.34,10.0,No
ORD9734,CUST081,2023-10-31,PROD006,2,54.59,0.0,No
ORD7014,CUST082,2023-07-16,PROD010,1,32.34,5.0,No
ORD7711,CUST091,2023-08-08,PROD007,1,47.93,0.0,No
ORD7806,CUST414,2022-04-30,PROD006,2,54.59,5.0,No
ORD2672,CUST412,2024-02-21,PROD002,2,29.68,5.0,No
ORD7188,CUST057,2024-08-28,PROD003,3,45.84,10.0,No
ORD4390,CUST292,2022-12-27,PROD007,1,47.93,10.0,No
ORD9240,CUST002,2022-07-24,PROD006,2,54.59,10.0,Yes
ORD3493,CUST157,2023-06-24,PROD006,1,54.59,5.0,No
ORD6935,CUST136,2023-05-29,PROD004,2,53.8,0.0,No
ORD8936,CUST018,2023-11-22,PROD010,1,32.34,10.0,No
ORD2441,CUST100,2024-09-09,PROD008,3,51.05,5.0,No
ORD2807,CUST286,2024-06-30,PROD006,1,54.59,0.0,Yes
ORD3670,CUST290,2022-03-05,PROD007,2,47.93,10.0,No
ORD3075,CUST380,2022-05-27,PROD004,2,53.8,10.0,No
ORD8329,CUST136,2024-06-08,PROD002,3,29.68,0.0,No
ORD7777,CUST358,2023-12-07,PROD008,1,51.05,10.0,Yes
ORD4716,CUST181,2023-06-14,PROD003,1,45.84,5.0,No
ORD6703,CUST071,2024-02-07,PROD009,3,50.53,10.0,Yes
ORD4883,CUST324,2024-11-26,PROD008,1,51.05,10.0,No
ORD9604,CUST136,2022-10-11,PROD006,1,54.59,5.0,No
ORD4065,CUST063,2024-05-30,PROD006,1,54.59,10.0,No
ORD8120,CUST427,2022-05-22,PROD005,3,37.2,10.0,Yes
ORD7181,CUST042,2024-01-30,PROD008,2,51.05,5.0,No
ORD1407,CUST336,2024-04-28,PROD008,2,51.05,0.0,No
ORD9290,CUST039,2022-02-06,PROD004,1,53.8,0.0,Yes
ORD5112,CUST119,2023-06-08,PROD004,1,53.8,5.0,No
ORD7832,CUST120,2024-11-24,PROD007,3,47.93,5.0,No
ORD6278,CUST013,2022-04-08,PROD008,2,51.05,5.0,No
ORD9856,CUST435,2024-10-10,PROD001,1,29.73,10.0,No
ORD6494,CUST163,2022-07-15,PROD004,2,53.8,0.0,No
ORD5769,CUST132,2024-07-12,PROD006,1,54.59,0.0,No
ORD5808,CUST425,2024-07-26,PROD003,1,45.84,0.0,No
ORD4787,CUST140,2022-02-03,PROD006,3,54.59,10.0,No
ORD3306,CUST113,2023-08-03,PROD009,2,50.53,5.0,Yes
ORD7381,CUST387,2023-10-27,PROD003,3,45.84,0.0,No
ORD2881,CUST194,2024-03-10,PROD004,2,53.8,5.0,No
ORD2879,CUST260,2022-05-17,PROD004,2,53.8,0.0,No
ORD6302,CUST445,2023-02-25,PROD006,2,54.59,10.0,Yes
ORD8302,CUST445,2024-09-14,PROD006,2,54.59,10.0,Yes
ORD9062,CUST091,2024-08-03,PROD010,1,32.34,0.0,Yes
ORD9718,CUST170,2022-01-16,PROD007,1,47.93,0.0,No
ORD4961,CUST030,2023-06-15,PROD005,2,37.2,0.0,No
ORD2158,CUST037,2023-01-06,PROD001,1,29.73,5.0,Yes
ORD4958,CUST339,2022-12-23,PROD009,1,50.53,0.0,Yes
ORD1482,CUST114,2022-06-30,PROD005,1,37.2,5.0,No
ORD4945,CUST004,2024-03-11,PROD007,1,47.93,0.0,No
ORD5250,CUST109,2022-01-02,PROD005,1,37.2,10.0,No
ORD2598,CUST193,2022-11-20,PROD009,2,50.53,0.0,No
ORD3323,CUST397,2022-10-10,PROD001,1,29.73,10.0,Yes
ORD5610,CUST309,2022-05-04,PROD010,3,32.34,0.0,Yes
ORD1692,CUST033,2023-04-25,PROD007,2,47.93,0.0,No
ORD9439,CUST323,2024-11-12,PROD004,1,53.8,0.0,Yes
ORD5268,CUST156,2024-10-07,PROD009,3,50.53,5.0,Yes
ORD4901,CUST186,2024-09-02,PROD007,3,47.93,0.0,No
ORD5375,CUST373,2024-09-01,PROD007,1,47.93,0.0,No
ORD8330,CUST064,2022-03-17,PROD007,2,47.93,5.0,No
ORD8553,CUST482,2023-10-12,PROD007,2,47.93,0.0,No
ORD4427,CUST469,2023-04-18,PROD004,1,53.8,0.0,No
ORD9819,CUST349,2024-01-01,PROD002,3,29.68,10.0,Yes
ORD5732,CUST240,2022-10-30,PROD010,2,32.34,0.0,No
ORD9380,CUST402,2022-06-23,PROD008,2,51.05,0.0,No
ORD8224,CUST484,2024-03-07,PROD005,3,37.2,5.0,No
ORD2809,CUST446,2022-03-07,PROD003,1,45.84,5.0,Yes
ORD3158,CUST399,2023-04-02,PROD001,1,29.73,5.0,No
ORD6086,CUST451,2024-05-21,PROD009,1,50.53,5.0,No
ORD2046,CUST173,2024-01-17,PROD006,2,54.59,10.0,No
ORD6718,CUST422,2022-10-26,PROD005,1,37.2,5.0,No
ORD5033,CUST382,2024-05-20,PROD003,2,45.84,0.0,Yes
ORD7012,CUST084,2024-02-07,PROD007,1,47.93,5.0,No
ORD4385,CUST454,2022-06-22,PROD009,3,50.53,5.0,No
ORD4168,CUST034,2023-12-10,PROD008,1,51.05,5.0,No
ORD2365,CUST074,2023-11-09,PROD009,1,50.53,10.0,Yes
ORD5121,CUST191,2024-02-21,PROD009,1,50.53,5.0,No
ORD4067,CUST400,2023-08-17,PROD006,3,54.59,0.0,No
ORD9128,CUST238,2023-05-26,PROD005,2,37.2,0.0,Yes
ORD2781,CUST475,2024-02-29,PROD005,2,37.2,5.0,Yes
ORD8185,CUST154,2024-09-03,PROD008,3,51.05,0.0,No
ORD6463,CUST353,2023-01-19,PROD010,2,32.34,10.0,No
ORD6461,CUST272,2022-08-31,PROD002,2,29.68,5.0,No
ORD4784,CUST152,2022-11-24,PROD002,2,29.68,10.0,No
ORD8666,CUST005,2024-12-29,PROD008,1,51.05,0.0,No
ORD8422,CUST077,2022-11-28,PROD008,2,51.05,0.0,No
ORD7715,CUST365,2023-10-08,PROD003,3,45.84,5.0,Yes
ORD8997,CUST024,2024-01-09,PROD001,1,29.73,10.0,No
ORD6423,CUST206,2022-09-05,PROD007,1,47.93,0.0,No
ORD3492,CUST195,2023-05-27,PROD003,1,45.84,5.0,No
ORD1387,CUST263,2023-09-19,PROD010,1,32.34,10.0,No
ORD2224,CUST370,2023-03-29,PROD010,2,32.34,10.0,Yes
ORD8555,CUST121,2023-12-06,PROD003,2,45.84,10.0,No
ORD4004,CUST332,2022-07-14,PROD001,3,29.73,10.0,Yes
ORD2028,CUST163,2022-11-29,PROD006,3,54.59,10.0,Yes
ORD9726,CUST328,2024-03-24,PROD009,1,50.53,5.0,Yes
ORD7127,CUST405,2023-11-22,PROD002,1,29.68,0.0,No
ORD9543,CUST023,2022-10-14,PROD002,1,29.68,5.0,No
ORD7989,CUST397,2024-07-27,PROD009,2,50.53,10.0,No
ORD7772,CUST343,2024-11-04,PROD004,1,53.8,10.0,Yes
ORD7471,CUST267,2022-09-29,PROD004,3,53.8,5.0,No
ORD3208,CUST440,2022-03-04,PROD001,1,29.73,0.0,No
ORD3867,CUST064,2022-07-26,PROD001,2,29.73,0.0,No
ORD3551,CUST346,2022-08-21,PROD001,2,29.73,10.0,Yes
ORD7593,CUST030,2023-05-21,PROD003,1,45.84,10.0,No
ORD5048,CUST216,2022-12-21,PROD005,1,37.2,10.0,No
ORD5159,CUST292,2024-06-09,PROD004,1,53.8,10.0,Yes
ORD5618,CUST369,2022-04-14,PROD008,3,51.05,5.0,No
ORD4507,CUST471,2022-11-04,PROD010,3,32.34,10.0,No
ORD6857,CUST205,2023-02-18,PROD002,3,29.68,0.0,Yes
ORD4267,CUST356,2024-09-10,PROD002,2,29.68,0.0,Yes
ORD7410,CUST151,2022-05-10,PROD008,1,51.05,0.0,No
ORD3885,CUST062,2022-08-13,PROD010,2,32.34,10.0,Yes
ORD1977,CUST126,2024-06-29,PROD003,3,45.84,10.0,Yes
ORD8559,CUST333,2023-02-06,PROD010,2,32.34,0.0,No
ORD1201,CUST141,2023-07-15,PROD004,2,53.8,10.0,No
ORD5241,CUST047,2024-05-14,PROD010,2,32.34,10.0,No
ORD5119,CUST060,2023-06-28,PROD004,1,53.8,5.0,No
ORD4031,CUST254,2024-10-24,PROD009,2,50.53,5.0,No
ORD9669,CUST223,2022-09-15,PROD008,2,51.05,10.0,No
ORD8136,CUST103,2024-09-17,PROD004,2,53.8,5.0,No
ORD8479,CUST414,2022-10-29,PROD003,1,45.84,10.0,Yes
ORD8695,CUST484,2024-08-04,PROD008,3,51.05,0.0,No
ORD5740,CUST168,2022-05-01,PROD009,1,50.53,10.0,No
ORD4180,CUST093,2024-03-17,PROD010,2,32.34,10.0,Yes
ORD9000,CUST345,2023-07-04,PROD005,3,37.2,5.0,No
ORD8906,CUST119,2022-01-31,PROD004,3,53.8,0.0,No
ORD5108,CUST028,2024-01-15,PROD004,3,53.8,5.0,No
ORD9149,CUST418,2022-09-21,PROD010,1,32.34,10.0,No
ORD6722,CUST010,2022-03-20,PROD008,2,51.05,0.0,Yes
ORD7029,CUST386,2023-11-21,PROD009,2,50.53,5.0,Yes
ORD8482,CUST248,2023-04-06,PROD006,1,54.59,5.0,No
ORD4454,CUST077,2024-01-12,PROD008,2,51.05,10.0,No
ORD1588,CUST010,2023-01-13,PROD004,3,53.8,5.0,Yes
ORD6285,CUST161,2023-08-26,PROD001,1,29.73,0.0,Yes
ORD3129,CUST143,2024-03-16,PROD002,1,29.68,5.0,No
ORD4755,CUST377,2024-04-22,PROD002,2,29.68,5.0,Yes
ORD7845,CUST365,2022-11-05,PROD003,3,45.84,5.0,No
ORD9759,CUST174,2024-03-25,PROD005,3,37.2,10.0,No
ORD4787,CUST334,2024-01-23,PROD005,2,37.2,0.0,No
ORD9563,CUST275,2022-03-29,PROD005,3,37.2,0.0,No
ORD5783,CUST399,2023-01-28,PROD005,1,37.2,0.0,No
ORD8278,CUST473,2022-04-01,PROD010,3,32.34,0.0,Yes
ORD9766,CUST188,2023-03-08,PROD006,1,54.59,0.0,Yes
ORD3794,CUST289,2024-09-01,PROD010,3,32.34,10.0,Yes
ORD4410,CUST476,2024-08-05,PROD003,2,45.84,0.0,No
ORD5695,CUST156,2023-12-22,PROD009,3,50.53,10.0,No
ORD5811,CUST309,2022-09-30,PROD001,1,29.73,10.0,No
ORD9956,CUST293,2023-12-12,PROD005,2,37.2,5.0,No
ORD7425,CUST008,2022-10-14,PROD008,3,51.05,10.0,No
ORD8516,CUST055,2023-06-16,PROD007,2,47.93,0.0,No
ORD1643,CUST074,2023-04-20,PROD005,3,37.2,0.0,No
ORD2823,CUST207,2022-04-02,PROD005,1,37.2,0.0,No
ORD4344,CUST066,2023-04-03,PROD007,1,47.93,10.0,No
ORD5423,CUST338,2023-12-01,PROD005,3,37.2,10.0,No
ORD4916,CUST364,2022-06-12,PROD002,3,29.68,10.0,No
ORD7132,CUST311,2022-12-23,PROD009,3,50.53,10.0,No
ORD4093,CUST344,2022-06-10,PROD009,2,50.53,0.0,Yes
ORD5142,CUST302,2023-08-01,PROD006,2,54.59,10.0,No
ORD5550,CUST375,2024-04-07,PROD006,1,54.59,10.0,No
ORD3343,CUST339,2024-11-08,PROD002,2,29.68,0.0,No
ORD1088,CUST016,2023-12-31,PROD005,3,37.2,0.0,Yes
ORD5073,CUST033,2024-07-02,PROD004,1,53.8,10.0,No
ORD2934,CUST378,2022-11-15,PROD004,3,53.8,10.0,No
ORD2726,CUST255,2023-04-03,PROD003,3,45.84,10.0,Yes
ORD7470,CUST340,2022-10-23,PROD006,2,54.59,5.0,No
ORD4041,CUST171,2024-10-01,PROD001,3,29.73,5.0,No
ORD9981,CUST332,2022-04-11,PROD003,2,45.84,5.0,Yes
ORD3045,CUST029,2023-02-27,PROD006,1,54.59,5.0,No
ORD9252,CUST393,2023-06-06,PROD001,2,29.73,0.0,Yes
ORD4812,CUST297,2024-06-11,PROD003,3,45.84,10.0,No
ORD4213,CUST351,2023-02-14,PROD002,2,29.68,5.0,No
ORD2876,CUST385,2022-02-06,PROD006,3,54.59,5.0,No
ORD3188,CUST140,2024-06-21,PROD006,3,54.59,0.0,No
ORD3929,CUST082,2024-11-20,PROD010,3,32.34,5.0,No
ORD6415,CUST248,2023-08-01,PROD004,2,53.8,0.0,No
ORD6481,CUST491,2023-08-08,PROD009,2,50.53,0.0,Yes
ORD7934,CUST084,2023-12-09,PROD009,1,50.53,0.0,No
ORD8156,CUST252,2022-04-27,PROD005,3,37.2,0.0,No
ORD8870,CUST268,2022-08-12,PROD010,2,32.34,5.0,No
ORD9660,CUST223,2023-01-12,PROD004,2,53.8,0.0,No
ORD5441,CUST396,2024-07-16,PROD002,1,29.68,0.0,Yes
ORD4741,CUST430,2024-10-30,PROD006,2,54.59,0.0,No
ORD3899,CUST229,2022-08-31,PROD005,1,37.2,10.0,No
ORD9621,CUST165,2022-02-26,PROD004,1,53.8,0.0,Yes
ORD6020,CUST137,2022-02-26,PROD006,3,54.59,5.0,Yes
ORD3366,CUST265,2022-09-11,PROD006,3,54.59,10.0,No
ORD3056,CUST021,2024-01-18,PROD008,2,51.05,0.0,No
ORD6136,CUST126,2022-01-23,PROD010,2,32.34,0.0,No
ORD8093,CUST226,2023-03-02,PROD005,2,37.2,5.0,Yes
ORD1262,CUST500,2023-08-25,PROD005,2,37.2,0.0,No
ORD2246,CUST317,2022-02-16,PROD010,2,32.34,5.0,Yes
ORD8366,CUST167,2023-09-08,PROD005,1,37.2,5.0,No
ORD5965,CUST163,2024-10-19,PROD002,2,29.68,0.0,No
ORD6284,CUST228,2023-09-06,PROD002,2,29.68,5.0,Yes
ORD9388,CUST021,2023-04-30,PROD007,3,47.93,5.0,No
ORD9089,CUST025,2022-09-02,PROD002,2,29.68,5.0,No
ORD9348,CUST369,2023-08-16,PROD010,3,32.34,10.0,No
ORD1593,CUST256,2022-10-18,PROD001,3,29.73,0.0,Yes
ORD4387,CUST357,2024-05-09,PROD007,3,47.93,0.0,No
ORD6064,CUST479,2024-10-05,PROD009,3,50.53,5.0,Yes
ORD3379,CUST012,2022-10-22,PROD007,1,47.93,0.0,No
ORD4678,CUST492,2024-12-13,PROD002,3,29.68,0.0,Yes
ORD9829,CUST387,2022-05-06,PROD009,3,50.53,5.0,Yes
ORD9547,CUST336,2024-09-07,PROD003,2,45.84,0.0,No
ORD8029,CUST286,2024-11-26,PROD006,3,54.59,10.0,Yes
ORD3197,CUST159,2023-08-15,PROD009,2,50.53,0.0,No
ORD5491,CUST197,2022-04-19,PROD010,2,32.34,0.0,Yes
ORD2107,CUST185,2023-11-22,PROD002,2,29.68,5.0,Yes
ORD7836,CUST409,2022-06-18,PROD001,2,29.73,5.0,No
ORD7545,CUST372,2024-09-30,PROD010,1,32.34,5.0,No
ORD6619,CUST214,2023-08-05,PROD007,3,47.93,5.0,No
ORD5999,CUST365,2023-12-05,PROD008,3,51.05,0.0,No
ORD9525,CUST389,2022-03-17,PROD006,3,54.59,10.0,No
ORD2217,CUST095,2022-12-23,PROD010,3,32.34,0.0,Yes
ORD4477,CUST101,2022-04-30,PROD001,1,29.73,5.0,No
ORD1771,CUST322,2022-10-10,PROD003,1,45.84,10.0,No
ORD1559,CUST256,2022-05-08,PROD005,3,37.2,5.0,No
ORD7774,CUST215,2024-02-26,PROD009,2,50.53,5.0,Yes
ORD2021,CUST430,2022-08-23,PROD003,1,45.84,10.0,No
ORD4602,CUST174,2022-06-19,PROD009,3,50.53,10.0,No
ORD9635,CUST168,2022-05-14,PROD008,2,51.05,0.0,No
ORD3294,CUST297,2024-06-26,PROD006,1,54.59,5.0,No
ORD3726,CUST425,2023-09-01,PROD005,1,37.2,10.0,Yes
ORD6491,CUST114,2023-12-18,PROD008,1,51.05,0.0,No
ORD1716,CUST450,2022-02-18,PROD003,3,45.84,0.0,No
ORD2449,CUST339,2023-01-09,PROD006,2,54.59,5.0,Yes
ORD4547,CUST439,2022-05-10,PROD009,2,50.53,10.0,No
ORD7743,CUST096,2022-08-07,PROD001,2,29.73,10.0,No
ORD2115,CUST377,2024-06-17,PROD008,3,51.05,0.0,No
ORD9387,CUST452,2022-03-22,PROD002,2,29.68,10.0,No
ORD3604,CUST367,2024-01-20,PROD009,3,50.53,10.0,No
ORD4936,CUST126,2022-06-02,PROD010,2,32.34,10.0,No
ORD4813,CUST312,2023-08-29,PROD008,1,51.05,0.0,No
ORD5080,CUST376,2023-06-10,PROD007,3,47.93,5.0,No
ORD5568,CUST040,2024-06-03,PROD001,3,29.73,5.0,Yes
ORD5558,CUST468,2022-10-28,PROD006,1,54.59,10.0,No
ORD9927,CUST053,2023-10-28,PROD009,3,50.53,5.0,Yes
ORD6545,CUST118,2024-01-28,PROD004,2,53.8,10.0,Yes
ORD9138,CUST350,2022-12-05,PROD008,3,51.05,0.0,No
ORD4099,CUST268,2023-05-23,PROD004,1,53.8,10.0,No
ORD1468,CUST388,2023-07-09,PROD010,2,32.34,0.0,No
ORD5339,CUST274,2024-11-21,PROD008,3,51.05,10.0,No
ORD5099,CUST158,2023-09-07,PROD010,3,32.34,5.0,No
ORD9515,CUST117,2022-09-23,PROD007,2,47.93,10.0,No
ORD2776,CUST153,2022-12-03,PROD005,3,37.2,10.0,No
ORD7483,CUST136,2023-05-30,PROD002,3,29.68,0.0,No
ORD9782,CUST460,2023-08-09,PROD007,1,47.93,0.0,Yes
ORD2123,CUST141,2024-09-27,PROD005,2,37.2,5.0,No
ORD3975,CUST330,2022-10-27,PROD009,3,50.53,10.0,Yes
ORD9002,CUST059,2024-05-07,PROD009,2,50.53,5.0,No
ORD3684,CUST266,2022-09-15,PROD007,3,47.93,10.0,Yes
ORD3944,CUST145,2024-12-09,PROD003,1,45.84,5.0,No
ORD6778,CUST363,2024-01-10,PROD007,1,47.93,0.0,No
ORD2319,CUST306,2024-10-10,PROD007,2,47.93,0.0,No
ORD2931,CUST189,2024-03-15,PROD002,3,29.68,10.0,No
ORD6971,CUST010,2024-10-02,PROD005,2,37.2,10.0,Yes
ORD1144,CUST346,2023-02-21,PROD007,2,47.93,5.0,Yes
ORD2563,CUST178,2024-03-22,PROD008,1,51.05,10.0,No
ORD9216,CUST429,2022-11-08,PROD010,2,32.34,10.0,No
ORD6958,CUST125,2023-11-10,PROD004,3,53.8,10.0,Yes
ORD9620,CUST234,2024-07-19,PROD001,2,29.73,5.0,Yes
ORD4280,CUST347,2023-01-17,PROD008,3,51.05,5.0,No
ORD3998,CUST139,2024-05-11,PROD009,1,50.53,5.0,Yes
ORD7245,CUST152,2023-07-17,PROD005,2,37.2,5.0,No
ORD3981,CUST489,2022-12-08,PROD007,3,47.93,5.0,No
ORD3003,CUST295,2024-05-13,PROD009,3,50.53,5.0,No
ORD4958,CUST024,2024-03-07,PROD002,1,29.68,10.0,Yes
ORD4891,CUST320,2023-09-13,PROD002,1,29.68,10.0,No
ORD1040,CUST497,2024-08-28,PROD005,1,37.2,5.0,No
ORD1710,CUST053,2022-01-13,PROD007,1,47.93,5.0,No
ORD8982,CUST437,2024-04-10,PROD007,2,47.93,10.0,Yes
ORD8886,CUST008,2023-10-24,PROD005,1,37.2,0.0,No
ORD4333,CUST029,2024-10-07,PROD002,3,29.68,0.0,No
ORD8964,CUST252,2022-09-11,PROD009,2,50.53,5.0,Yes
ORD2437,CUST452,2024-09-22,PROD002,1,29.68,0.0,No
ORD6897,CUST046,2024-10-29,PROD007,1,47.93,10.0,Yes
ORD5052,CUST214,2022-02-09,PROD007,3,47.93,10.0,No
ORD3311,CUST015,2024-07-06,PROD002,3,29.68,0.0,Yes
ORD6649,CUST121,2024-07-25,PROD004,1,53.8,5.0,No
ORD1074,CUST454,2024-06-10,PROD007,2,47.93,10.0,No
ORD8809,CUST304,2023-10-07,PROD007,1,47.93,10.0,Yes
ORD4645,CUST341,2022-07-24,PROD009,3,50.53,5.0,No
ORD4790,CUST051,2022-06-26,PROD010,3,32.34,0.0,No
ORD1025,CUST390,2022-05-14,PROD004,2,53.8,5.0,No
ORD6726,CUST143,2023-08-23,PROD009,3,50.53,10.0,No
ORD7970,CUST012,2023-12-04,PROD003,1,45.84,10.0,No
ORD6229,CUST144,2023-01-31,PROD002,2,29.68,0.0,No
ORD2986,CUST440,2024-03-21,PROD006,2,54.59,0.0,Yes
ORD5745,CUST413,2023-02-14,PROD006,3,54.59,0.0,Yes
ORD7211,CUST361,2022-07-23,PROD006,2,54.59,10.0,No
ORD7996,CUST463,2024-04-26,PROD003,2,45.84,0.0,No
ORD8940,CUST065,2024-06-26,PROD003,1,45.84,0.0,No
ORD9826,CUST459,2024-04-11,PROD004,2,53.8,5.0,No
ORD6863,CUST235,2023-11-27,PROD009,2,50.53,5.0,No
ORD2040,CUST011,2022-07-07,PROD006,3,54.59,5.0,No
ORD8867,CUST350,2022-10-18,PROD002,3,29.68,5.0,Yes
ORD7006,CUST370,2024-09-01,PROD002,2,29.68,0.0,No
ORD4881,CUST484,2022-03-27,PROD007,3,47.93,10.0,No
ORD9785,CUST426,2023-02-14,PROD003,3,45.84,5.0,Yes
ORD8945,CUST385,2022-02-13,PROD006,1,54.59,10.0,No
ORD7093,CUST225,2022-12-29,PROD008,1,51.05,0.0,Yes
ORD2158,CUST465,2024-10-25,PROD003,3,45.84,0.0,No
ORD1022,CUST477,2023-02-17,PROD009,1,50.53,0.0,Yes
ORD3594,CUST355,2022-02-22,PROD010,3,32.34,10.0,No
ORD9863,CUST172,2024-08-20,PROD010,2,32.34,5.0,No
ORD5252,CUST133,2024-12-14,PROD006,3,54.59,0.0,No
ORD6634,CUST305,2023-12-08,PROD009,1,50.53,0.0,No
ORD8719,CUST338,2024-06-20,PROD010,2,32.34,10.0,No
ORD9526,CUST074,2023-01-27,PROD009,1,50.53,10.0,No
ORD3637,CUST339,2024-05-14,PROD009,2,50.53,0.0,No
ORD1446,CUST479,2024-01-07,PROD006,3,54.59,5.0,Yes
ORD5186,CUST010,2024-05-22,PROD003,1,45.84,0.0,No
ORD6452,CUST210,2022-12-30,PROD008,3,51.05,5.0,Yes
ORD9021,CUST293,2024-07-14,PROD008,2,51.05,5.0,No
ORD7543,CUST338,2022-05-16,PROD005,1,37.2,10.0,No
ORD5998,CUST240,2023-10-23,PROD007,1,47.93,10.0,Yes
ORD6380,CUST092,2023-01-20,PROD002,3,29.68,10.0,No
ORD5362,CUST476,2024-09-07,PROD009,3,50.53,10.0,No
ORD5083,CUST200,2024-06-22,PROD006,1,54.59,0.0,Yes
ORD3921,CUST028,2023-03-21,PROD009,2,50.53,5.0,No
ORD7504,CUST220,2024-08-15,PROD006,3,54.59,10.0,No
ORD8922,CUST171,2023-03-15,PROD001,3,29.73,5.0,Yes
ORD1010,CUST354,2024-10-09,PROD008,2,51.05,0.0,No
ORD1887,CUST450,2022-08-11,PROD009,1,50.53,0.0,No
ORD7392,CUST109,2024-04-01,PROD008,2,51.05,0.0,No
ORD2278,CUST184,2022-10-29,PROD002,2,29.68,10.0,No
ORD6864,CUST354,2022-07-07,PROD007,1,47.93,5.0,No
ORD1096,CUST030,2023-03-13,PROD001,3,29.73,5.0,No
ORD9689,CUST145,2024-09-10,PROD001,2,29.73,5.0,No
ORD1057,CUST163,2024-02-19,PROD006,3,54.59,10.0,No
ORD4253,CUST188,2022-10-09,PROD010,3,32.34,5.0,Yes
ORD9783,CUST228,2024-03-06,PROD009,1,50.53,10.0,No
ORD8054,CUST077,2024-10-13,PROD001,2,29.73,5.0,Yes
ORD4925,CUST289,2022-11-25,PROD004,1,53.8,5.0,No
ORD7094,CUST119,2024-09-29,PROD006,1,54.59,0.0,No
ORD4064,CUST336,2023-03-07,PROD002,1,29.68,0.0,No
ORD9029,CUST409,2023-02-07,PROD001,2,29.73,10.0,No
ORD5283,CUST417,2022-01-12,PROD009,1,50.53,5.0,Yes
ORD2590,CUST473,2024-06-28,PROD005,2,37.2,0.0,No
ORD2690,CUST235,2022-11-25,PROD007,1,47.93,5.0,Yes
ORD4458,CUST434,2022-11-06,PROD009,2,50.53,0.0,Yes
ORD8294,CUST345,2022-10-09,PROD010,2,32.34,10.0,Yes
ORD8689,CUST301,2024-09-15,PROD007,3,47.93,5.0,Yes
ORD3215,CUST113,2024-08-30,PROD003,2,45.84,10.0,Yes
ORD4192,CUST316,2022-12-08,PROD006,3,54.59,10.0,No
ORD8100,CUST433,2024-09-17,PROD004,2,53.8,5.0,No
ORD2509,CUST035,2023-07-01,PROD008,1,51.05,10.0,No
ORD3394,CUST204,2024-07-20,PROD010,3,32.34,0.0,Yes
ORD1979,CUST142,2022-04-22,PROD003,1,45.84,0.0,No
ORD4443,CUST230,2023-09-26,PROD001,2,29.73,10.0,No
ORD2124,CUST140,2022-08-15,PROD010,1,32.34,5.0,Yes
ORD6922,CUST397,2022-08-08,PROD008,1,51.05,5.0,No
ORD7079,CUST326,2023-10-08,PROD007,2,47.93,10.0,Yes
ORD1852,CUST043,2023-12-15,PROD005,3,37.2,5.0,No
ORD6321,CUST379,2024-11-01,PROD006,2,54.59,10.0,Yes
ORD3843,CUST229,2023-06-18,PROD003,2,45.84,5.0,No
ORD4341,CUST112,2024-01-28,PROD008,1,51.05,5.0,No
ORD1959,CUST361,2022-12-26,PROD002,2,29.68,10.0,No
ORD8473,CUST465,2023-07-15,PROD010,1,32.34,5.0,No
ORD8109,CUST120,2023-01-10,PROD009,3,50.53,10.0,No
ORD7467,CUST480,2024-08-20,PROD007,1,47.93,0.0,No
ORD5760,CUST147,2023-12-14,PROD001,3,29.73,0.0,Yes
ORD9598,CUST346,2023-11-10,PROD003,1,45.84,5.0,Yes
ORD9410,CUST485,2024-03-28,PROD007,1,47.93,5.0,No
ORD8640,CUST029,2022-09-27,PROD008,1,51.05,10.0,No
ORD2723,CUST379,2024-05-14,PROD005,2,37.2,10.0,No
ORD4768,CUST496,2023-04-27,PROD003,1,45.84,5.0,Yes
ORD8189,CUST449,2022-03-13,PROD009,2,50.53,10.0,No
ORD7996,CUST034,2022-06-01,PROD007,1,47.93,10.0,No
ORD7563,CUST183,2022-05-19,PROD004,2,53.8,5.0,No
ORD6930,CUST303,2024-02-10,PROD009,3,50.53,0.0,Yes
ORD2309,CUST104,2024-05-17,PROD005,1,37.2,10.0,Yes
ORD5493,CUST069,2024-04-13,PROD006,3,54.59,5.0,No
ORD9761,CUST353,2024-04-15,PROD002,3,29.68,10.0,No
ORD4528,CUST435,2024-09-29,PROD001,1,29.73,0.0,Yes
ORD5270,CUST266,2024-06-04,PROD007,1,47.93,10.0,No
ORD9932,CUST030,2023-02-24,PROD001,2,29.73,5.0,Yes
ORD9521,CUST049,2022-12-08,PROD003,2,45.84,0.0,No
ORD1299,CUST391,2022-11-02,PROD002,3,29.68,10.0,Yes
ORD8279,CUST194,2023-08-20,PROD008,1,51.05,5.0,Yes
ORD1583,CUST004,2024-09-30,PROD002,3,29.68,5.0,Yes
ORD4662,CUST240,2022-02-27,PROD002,1,29.68,5.0,No
ORD7542,CUST106,2024-08-22,PROD009,1,50.53,5.0,No
ORD2288,CUST083,2022-03-01,PROD008,1,51.05,0.0,No
ORD2326,CUST268,2024-07-17,PROD003,1,45.84,0.0,No
ORD5465,CUST273,2024-06-19,PROD010,1,32.34,0.0,No
ORD5405,CUST117,2022-05-30,PROD005,2,37.2,10.0,Yes
ORD5895,CUST249,2022-06-08,PROD002,3,29.68,5.0,Yes
ORD4075,CUST336,2024-02-24,PROD007,1,47.93,0.0,Yes
ORD1363,CUST230,2023-03-15,PROD002,2,29.68,5.0,Yes
ORD5534,CUST460,2023-12-09,PROD007,3,47.93,0.0,Yes
ORD8903,CUST098,2023-05-04,PROD008,1,51.05,5.0,No
ORD2370,CUST261,2024-04-01,PROD003,1,45.84,10.0,No
ORD1811,CUST260,2022-03-17,PROD003,1,45.84,10.0,No
ORD5835,CUST220,2023-07-11,PROD001,3,29.73,0.0,No
ORD2617,CUST269,2024-12-08,PROD001,1,29.73,0.0,No
ORD5392,CUST326,2024-10-02,PROD004,1,53.8,10.0,Yes
ORD4569,CUST030,2024-06-19,PROD004,3,53.8,0.0,No
ORD3560,CUST100,2022-02-12,PROD001,1,29.73,0.0,No
ORD1421,CUST189,2022-02-24,PROD002,3,29.68,10.0,No
ORD3400,CUST191,2022-08-02,PROD009,1,50.53,0.0,Yes
ORD4188,CUST007,2022-05-11,PROD004,3,53.8,10.0,No
ORD3595,CUST049,2022-02-04,PROD009,3,50.53,5.0,Yes
ORD8473,CUST328,2024-06-17,PROD010,2,32.34,5.0,No
ORD1535,CUST360,2024-07-08,PROD001,3,29.73,0.0,No
ORD6018,CUST442,2024-08-08,PROD007,2,47.93,5.0,No
ORD1587,CUST272,2023-01-17,PROD008,1,51.05,5.0,No
ORD9442,CUST424,2024-07-19,PROD003,1,45.84,0.0,No
ORD9111,CUST010,2024-05-24,PROD009,3,50.53,0.0,Yes
ORD4853,CUST024,2023-02-09,PROD005,2,37.2,10.0,Yes
ORD8154,CUST093,2024-05-28,PROD004,1,53.8,0.0,No
ORD5518,CUST148,2023-10-29,PROD002,3,29.68,10.0,No
ORD3344,CUST220,2023-06-11,PROD005,3,37.2,10.0,No
ORD1381,CUST077,2024-10-30,PROD007,3,47.93,0.0,No
ORD3458,CUST399,2022-09-01,PROD010,2,32.34,0.0,No
ORD3238,CUST336,2024-09-11,PROD004,2,53.8,0.0,No
ORD6105,CUST435,2023-01-19,PROD002,2,29.68,0.0,No
ORD6150,CUST173,2023-10-28,PROD006,3,54.59,0.0,No
ORD1392,CUST483,2022-03-26,PROD010,1,32.34,0.0,No
ORD7128,CUST173,2023-01-18,PROD009,3,50.53,5.0,Yes
ORD3634,CUST323,2023-04-21,PROD005,2,37.2,5.0,No
ORD2462,CUST153,2022-05-27,PROD010,1,32.34,10.0,Yes
ORD4859,CUST374,2024-10-21,PROD003,2,45.84,0.0,No
ORD7041,CUST356,2022-12-30,PROD002,2,29.68,5.0,No
ORD1830,CUST375,2022-06-18,PROD002,3,29.68,10.0,No
ORD7570,CUST126,2024-04-22,PROD003,2,45.84,10.0,No
ORD2046,CUST359,2023-02-03,PROD001,3,29.73,5.0,No
ORD5497,CUST319,2023-08-28,PROD004,1,53.8,10.0,No
ORD8980,CUST265,2024-12-21,PROD006,3,54.59,0.0,No
ORD1857,CUST264,2023-03-07,PROD003,3,45.84,5.0,No
ORD1494,CUST369,2024-02-28,PROD004,2,53.8,0.0,No
ORD5950,CUST245,2023-05-29,PROD010,3,32.34,10.0,Yes
ORD6556,CUST221,2023-11-26,PROD003,1,45.84,5.0,No
ORD8815,CUST132,2024-08-31,PROD001,1,29.73,0.0,No
ORD9253,CUST268,2023-12-09,PROD008,1,51.05,0.0,Yes
ORD2882,CUST282,2024-09-15,PROD003,3,45.84,0.0,No
ORD2766,CUST306,2023-01-28,PROD007,2,47.93,5.0,No
ORD1534,CUST070,2024-08-07,PROD002,3,29.68,0.0,No
ORD6545,CUST178,2023-06-02,PROD001,3,29.73,0.0,Yes
ORD2028,CUST037,2023-04-18,PROD006,2,54.59,10.0,No
ORD7701,CUST032,2022-07-16,PROD009,2,50.53,10.0,No
ORD4152,CUST025,2022-02-24,PROD003,1,45.84,0.0,Yes
ORD5041,CUST054,2022-09-05,PROD010,2,32.34,5.0,Yes
ORD9359,CUST202,2023-04-13,PROD010,2,32.34,5.0,No
ORD6082,CUST250,2022-05-20,PROD009,1,50.53,5.0,No
ORD3695,CUST398,2024-03-24,PROD008,2,51.05,10.0,No
ORD5804,CUST120,2023-01-26,PROD009,2,50.53,10.0,No
ORD9397,CUST007,2024-01-25,PROD001,3,29.73,0.0,No
ORD4033,CUST178,2024-11-13,PROD007,3,47.93,10.0,No
ORD5145,CUST040,2023-09-06,PROD007,1,47.93,0.0,No
ORD3879,CUST018,2024-02-16,PROD008,1,51.05,0.0,Yes
ORD7905,CUST342,2022-03-22,PROD002,2,29.68,5.0,No
ORD7589,CUST173,2024-11-14,PROD008,2,51.05,5.0,No
ORD6359,CUST219,2022-04-11,PROD009,1,50.53,10.0,No
ORD8939,CUST023,2024-11-15,PROD010,2,32.34,10.0,Yes
ORD1578,CUST425,2024-03-25,PROD004,3,53.8,0.0,No
ORD9970,CUST266,2024-08-18,PROD003,3,45.84,5.0,No
ORD9176,CUST186,2023-08-07,PROD007,2,47.93,0.0,No
ORD9075,CUST448,2024-05-04,PROD006,2,54.59,5.0,No
ORD4474,CUST248,2024-03-29,PROD010,1,32.34,0.0,Yes
ORD6662,CUST187,2024-11-25,PROD002,3,29.68,5.0,Yes
ORD2038,CUST169,2023-05-06,PROD001,3,29.73,10.0,No
ORD3747,CUST475,2023-11-07,PROD010,2,32.34,5.0,Yes
ORD9656,CUST038,2022-03-12,PROD009,3,50.53,10.0,No
ORD2044,CUST163,2024-02-21,PROD009,2,50.53,5.0,No
ORD8073,CUST224,2024-12-11,PROD006,2,54.59,10.0,No
ORD5601,CUST094,2022-09-16,PROD007,3,47.93,10.0,No
ORD6297,CUST125,2022-04-12,PROD001,3,29.73,10.0,No
ORD7300,CUST456,2023-06-15,PROD005,3,37.2,0.0,No
ORD9629,CUST186,2022-12-23,PROD003,2,45.84,5.0,No
ORD5709,CUST004,2022-08-27,PROD003,3,45.84,10.0,No
ORD2726,CUST388,2022-02-23,PROD010,2,32.34,10.0,No
ORD9740,CUST036,2024-05-23,PROD006,1,54.59,10.0,No
ORD8195,CUST149,2022-04-13,PROD005,3,37.2,0.0,No
ORD8732,CUST194,2023-12-10,PROD008,2,51.05,0.0,No
ORD9563,CUST410,2022-02-10,PROD003,1,45.84,5.0,No
ORD5686,CUST329,2024-12-05,PROD008,3,51.05,10.0,Yes
ORD6207,CUST226,2022-03-22,PROD007,3,47.93,0.0,No
ORD5459,CUST414,2022-09-16,PROD004,1,53.8,0.0,Yes
ORD2322,CUST194,2023-06-11,PROD004,2,53.8,5.0,No
ORD2571,CUST500,2024-09-06,PROD009,1,50.53,0.0,No
ORD1514,CUST097,2024-06-28,PROD005,2,37.2,5.0,Yes
ORD5944,CUST096,2024-01-14,PROD006,3,54.59,0.0,No
ORD6283,CUST385,2023-08-23,PROD010,2,32.34,10.0,No
ORD3987,CUST455,2022-10-16,PROD004,2,53.8,5.0,Yes
ORD8752,CUST178,2023-06-10,PROD006,2,54.59,0.0,No
ORD4058,CUST092,2024-12-03,PROD002,2,29.68,10.0,No
ORD1646,CUST404,2022-03-04,PROD007,3,47.93,0.0,No
ORD9495,CUST004,2023-07-26,PROD009,1,50.53,10.0,Yes
ORD5371,CUST357,2022-02-09,PROD007,1,47.93,10.0,Yes
ORD2219,CUST396,2022-03-18,PROD010,1,32.34,0.0,No
ORD4325,CUST413,2024-08-30,PROD002,3,29.68,0.0,No
ORD2202,CUST393,2022-01-03,PROD006,3,54.59,0.0,No
ORD7393,CUST329,2022-11-30,PROD009,2,50.53,0.0,No
ORD9525,CUST441,2024-02-14,PROD008,2,51.05,0.0,No
ORD2676,CUST087,2022-07-03,PROD010,3,32.34,10.0,No
ORD7364,CUST210,2023-06-05,PROD010,2,32.34,5.0,No
ORD8663,CUST013,2023-04-02,PROD006,2,54.59,0.0,No
ORD9012,CUST237,2023-07-05,PROD001,2,29.73,5.0,No
ORD2604,CUST070,2023-01-08,PROD005,1,37.2,0.0,No
ORD1559,CUST217,2023-09-03,PROD006,3,54.59,0.0,Yes
ORD2037,CUST368,2023-07-21,PROD003,3,45.84,0.0,No
ORD1099,CUST122,2023-10-18,PROD010,2,32.34,0.0,No
ORD3805,CUST085,2023-12-02,PROD008,2,51.05,5.0,Yes
ORD9993,CUST249,2024-07-17,PROD007,3,47.93,0.0,No
ORD5498,CUST194,2022-02-10,PROD005,3,37.2,10.0,No
ORD1505,CUST197,2022-09-04,PROD005,1,37.2,0.0,No
ORD6731,CUST333,2022-05-08,PROD006,3,54.59,5.0,No
ORD3829,CUST065,2024-07-16,PROD004,1,53.8,0.0,No
ORD8902,CUST427,2023-10-01,PROD004,3,53.8,0.0,Yes
ORD8221,CUST173,2024-09-15,PROD002,2,29.68,10.0,No
ORD1663,CUST229,2022-07-07,PROD007,1,47.93,10.0,Yes
ORD2017,CUST234,2022-10-21,PROD007,1,47.93,5.0,Yes
ORD4183,CUST030,2024-11-01,PROD001,1,29.73,5.0,No
ORD2683,CUST275,2023-08-20,PROD008,3,51.05,10.0,Yes
ORD2879,CUST108,2023-07-11,PROD005,2,37.2,10.0,Yes
ORD7924,CUST176,2023-09-17,PROD010,2,32.34,5.0,No
ORD8510,CUST186,2023-05-02,PROD001,1,29.73,10.0,No
ORD2853,CUST430,2023-03-16,PROD001,1,29.73,5.0,No
ORD6453,CUST062,2024-03-07,PROD002,3,29.68,0.0,Yes
ORD8901,CUST397,2024-03-16,PROD002,2,29.68,0.0,Yes
ORD6668,CUST318,2023-08-05,PROD004,1,53.8,0.0,No
ORD1763,CUST323,2022-01-27,PROD004,2,53.8,0.0,No
ORD1640,CUST300,2023-09-16,PROD007,1,47.93,10.0,No
ORD4089,CUST083,2022-05-15,PROD005,2,37.2,5.0,Yes
ORD1348,CUST316,2022-05-08,PROD005,2,37.2,5.0,No
ORD9259,CUST086,2022-09-19,PROD007,1,47.93,10.0,Yes
ORD7749,CUST132,2024-12-04,PROD002,1,29.68,0.0,Yes
ORD3200,CUST405,2023-12-23,PROD007,1,47.93,10.0,No
ORD3206,CUST014,2024-08-17,PROD005,2,37.2,5.0,No
ORD9624,CUST087,2022-07-13,PROD007,2,47.93,10.0,No
ORD6574,CUST204,2024-06-23,PROD004,1,53.8,5.0,Yes
ORD9539,CUST239,2023-04-23,PROD010,3,32.34,5.0,No
ORD1128,CUST059,2024-09-29,PROD005,1,37.2,0.0,No
ORD2414,CUST309,2024-08-06,PROD010,2,32.34,0.0,No
ORD7635,CUST255,2022-03-28,PROD010,2,32.34,10.0,No
ORD4082,CUST254,2023-02-17,PROD007,3,47.93,5.0,No
ORD3459,CUST477,2022-12-08,PROD007,2,47.93,5.0,No
ORD3446,CUST208,2024-04-29,PROD006,2,54.59,0.0,Yes
ORD8371,CUST223,2024-10-29,PROD004,2,53.8,10.0,No
ORD5707,CUST431,2023-05-23,PROD003,2,45.84,5.0,No
ORD3068,CUST439,2024-10-09,PROD009,1,50.53,5.0,Yes
ORD9783,CUST027,2022-02-15,PROD004,2,53.8,5.0,No
ORD3922,CUST042,2022-09-27,PROD006,2,54.59,5.0,No
ORD1936,CUST485,2024-05-17,PROD004,1,53.8,10.0,No
ORD2461,CUST384,2022-03-08,PROD009,3,50.53,10.0,Yes
ORD5202,CUST085,2022-07-28,PROD003,3,45.84,0.0,No
ORD7963,CUST257,2024-10-26,PROD009,2,50.53,10.0,No
ORD3100,CUST461,2024-12-07,PROD007,3,47.93,10.0,No
ORD6861,CUST179,2022-08-13,PROD006,2,54.59,0.0,No
ORD1357,CUST292,2024-07-09,PROD002,2,29.68,0.0,No
ORD4619,CUST176,2023-10-30,PROD008,2,51.05,5.0,No
ORD8939,CUST212,2022-03-12,PROD009,2,50.53,5.0,No
ORD1304,CUST173,2022-05-08,PROD009,3,50.53,10.0,No
ORD7872,CUST169,2022-11-21,PROD009,1,50.53,5.0,No
ORD2498,CUST396,2024-11-04,PROD009,1,50.53,5.0,No
ORD6934,CUST326,2022-09-16,PROD003,1,45.84,10.0,No
ORD9119,CUST136,2024-05-25,PROD002,1,29.68,10.0,No
ORD7698,CUST327,2024-06-27,PROD004,1,53.8,5.0,No
ORD8408,CUST369,2024-02-04,PROD009,2,50.53,5.0,Yes
ORD6859,CUST126,2023-11-26,PROD010,1,32.34,10.0,No
ORD2986,CUST450,2024-08-06,PROD006,2,54.59,10.0,Yes
ORD9114,CUST282,2022-11-12,PROD008,2,51.05,0.0,No
ORD5334,CUST092,2023-12-04,PROD001,2,29.73,0.0,No
ORD7832,CUST132,2022-03-26,PROD004,3,53.8,10.0,No
ORD8599,CUST478,2024-01-24,PROD001,2,29.73,5.0,No
ORD2154,CUST305,2024-07-20,PROD002,1,29.68,10.0,No
ORD9821,CUST480,2022-04-21,PROD003,1,45.84,0.0,No
ORD6647,CUST339,2022-06-15,PROD008,1,51.05,10.0,No
ORD2900,CUST019,2024-08-24,PROD003,3,45.84,10.0,Yes
ORD9964,CUST403,2022-06-14,PROD003,1,45.84,10.0,No
ORD7250,CUST390,2023-02-24,PROD005,2,37.2,10.0,No
ORD7253,CUST284,2024-09-23,PROD006,2,54.59,0.0,No
ORD9896,CUST053,2023-12-15,PROD001,2,29.73,10.0,Yes
ORD3914,CUST353,2024-07-03,PROD009,1,50.53,0.0,No
ORD3438,CUST052,2023-03-02,PROD004,1,53.8,5.0,Yes
ORD6801,CUST256,2024-09-30,PROD010,1,32.34,0.0,No
ORD6461,CUST092,2023-08-06,PROD002,3,29.68,10.0,No
ORD6683,CUST458,2024-06-15,PROD001,2,29.73,5.0,No
ORD5950,CUST078,2023-04-22,PROD005,3,37.2,5.0,Yes
ORD4779,CUST122,2023-09-18,PROD005,1,37.2,5.0,Yes
ORD9657,CUST434,2023-05-31,PROD004,1,53.8,5.0,No
ORD2853,CUST052,2023-01-15,PROD001,2,29.73,5.0,No
ORD8421,CUST395,2023-12-20,PROD007,3,47.93,10.0,No
ORD3044,CUST290,2024-03-23,PROD007,3,47.93,0.0,Yes
ORD5034,CUST239,2023-04-29,PROD002,2,29.68,5.0,No
ORD2718,CUST006,2024-02-08,PROD007,2,47.93,5.0,No
ORD3926,CUST482,2024-03-07,PROD001,2,29.73,10.0,No
ORD2777,CUST490,2022-09-28,PROD007,2,47.93,0.0,Yes
ORD1336,CUST022,2023-01-10,PROD010,1,32.34,10.0,Yes
ORD9020,CUST220,2024-10-28,PROD008,3,51.05,10.0,No
ORD1036,CUST357,2024-05-03,PROD004,1,53.8,5.0,No
ORD4930,CUST423,2022-08-01,PROD001,3,29.73,5.0,No
ORD9156,CUST476,2022-12-20,PROD009,2,50.53,10.0,Yes
ORD5627,CUST015,2023-01-22,PROD002,1,29.68,0.0,No
ORD7942,CUST068,2024-08-17,PROD005,3,37.2,5.0,No
ORD3126,CUST465,2023-04-12,PROD001,1,29.73,0.0,No
ORD4726,CUST484,2023-09-12,PROD009,1,50.53,0.0,No
ORD8918,CUST303,2024-09-08,PROD002,1,29.68,10.0,No
ORD6710,CUST104,2022-12-31,PROD009,3,50.53,0.0,No
ORD2441,CUST460,2023-10-02,PROD007,3,47.93,10.0,No
ORD7407,CUST048,2022-10-12,PROD010,2,32.34,0.0,No
ORD9181,CUST313,2023-02-18,PROD003,1,45.84,10.0,Yes
ORD6787,CUST169,2023-10-31,PROD004,3,53.8,0.0,Yes
ORD5899,CUST085,2022-11-12,PROD010,2,32.34,10.0,No
ORD1551,CUST423,2024-12-15,PROD009,1,50.53,0.0,Yes
ORD6712,CUST109,2024-06-07,PROD007,3,47.93,10.0,Yes
ORD2949,CUST443,2023-06-28,PROD002,2,29.68,10.0,No
ORD3683,CUST136,2023-08-15,PROD007,1,47.93,0.0,No
ORD2827,CUST146,2022-10-29,PROD009,3,50.53,0.0,No
ORD6485,CUST433,2022-06-03,PROD009,3,50.53,0.0,No
ORD1241,CUST134,2023-11-03,PROD009,3,50.53,5.0,No
ORD7215,CUST061,2024-07-06,PROD005,2,37.2,5.0,No
ORD1302,CUST286,2023-01-20,PROD003,3,45.84,5.0,Yes
ORD7332,CUST039,2024-04-18,PROD009,1,50.53,10.0,No
ORD2121,CUST347,2022-10-02,PROD007,1,47.93,10.0,No
ORD9307,CUST442,2024-08-01,PROD003,3,45.84,5.0,Yes
ORD1644,CUST464,2024-04-28,PROD009,3,50.53,10.0,No
ORD8431,CUST424,2022-01-16,PROD004,1,53.8,5.0,No
ORD5592,CUST082,2023-08-15,PROD007,1,47.93,10.0,No
ORD8466,CUST338,2023-02-09,PROD004,1,53.8,5.0,No
ORD4009,CUST452,2022-01-06,PROD006,2,54.59,0.0,No
ORD6707,CUST073,2022-12-25,PROD004,1,53.8,10.0,No
ORD6406,CUST264,2023-06-21,PROD002,1,29.68,5.0,No
ORD9371,CUST193,2022-11-12,PROD003,2,45.84,10.0,Yes
ORD2816,CUST392,2024-10-13,PROD006,2,54.59,0.0,Yes
ORD3379,CUST022,2024-07-27,PROD008,2,51.05,10.0,No
ORD5629,CUST305,2023-10-13,PROD007,1,47.93,5.0,Yes
ORD6554,CUST442,2024-12-18,PROD009,3,50.53,0.0,Yes
ORD9723,CUST273,2023-01-18,PROD002,3,29.68,10.0,Yes
ORD6569,CUST181,2022-10-29,PROD008,3,51.05,5.0,No
ORD5427,CUST233,2024-12-08,PROD007,2,47.93,0.0,Yes
ORD1903,CUST307,2022-11-17,PROD003,1,45.84,10.0,No
ORD2229,CUST188,2023-12-13,PROD006,1,54.59,0.0,Yes
ORD3760,CUST355,2024-04-03,PROD008,1,51.05,0.0,No
ORD3731,CUST288,2022-03-07,PROD003,3,45.84,10.0,No
ORD1349,CUST024,2024-03-18,PROD004,1,53.8,10.0,No
ORD9092,CUST332,2022-08-13,PROD002,2,29.68,5.0,Yes
ORD3157,CUST437,2022-06-05,PROD006,3,54.59,5.0,No
ORD5241,CUST426,2022-01-15,PROD001,3,29.73,10.0,Yes
ORD4400,CUST323,2022-02-26,PROD010,2,32.34,5.0,No
ORD5928,CUST480,2022-01-13,PROD005,2,37.2,0.0,No
ORD6219,CUST285,2024-04-08,PROD004,2,53.8,5.0,No
ORD2241,CUST150,2024-05-12,PROD010,3,32.34,5.0,No
ORD8062,CUST265,2023-08-30,PROD003,1,45.84,10.0,No
ORD4633,CUST481,2024-02-05,PROD005,2,37.2,0.0,No
ORD9954,CUST153,2023-03-30,PROD010,1,32.34,5.0,No
ORD6808,CUST399,2022-10-05,PROD002,3,29.68,0.0,No
ORD6886,CUST233,2022-01-19,PROD009,1,50.53,10.0,Yes
ORD8863,CUST336,2024-07-08,PROD002,2,29.68,10.0,No
ORD9183,CUST229,2024-04-17,PROD005,3,37.2,5.0,No
ORD7323,CUST209,2023-11-16,PROD010,1,32.34,0.0,No
ORD6379,CUST009,2023-08-22,PROD005,1,37.2,5.0,No
ORD2859,CUST026,2024-03-24,PROD004,3,53.8,10.0,Yes
ORD4226,CUST242,2022-05-01,PROD010,3,32.34,10.0,No
ORD5642,CUST419,2022-08-30,PROD009,1,50.53,5.0,Yes
ORD8369,CUST161,2023-09-04,PROD002,2,29.68,5.0,No
ORD1402,CUST253,2023-02-05,PROD004,2,53.8,10.0,No
ORD5824,CUST361,2023-11-03,PROD006,1,54.59,5.0,No
ORD8438,CUST145,2024-08-31,PROD003,2,45.84,10.0,Yes
ORD5000,CUST333,2022-01-28,PROD002,1,29.68,5.0,No
ORD5809,CUST242,2024-09-13,PROD006,2,54.59,10.0,Yes
ORD6903,CUST143,2022-05-15,PROD005,3,37.2,10.0,No
ORD5775,CUST076,2024-11-06,PROD004,1,53.8,5.0,Yes
ORD4864,CUST312,2022-10-18,PROD007,2,47.93,10.0,No
ORD9929,CUST350,2022-04-19,PROD003,1,45.84,0.0,Yes
ORD6771,CUST098,2024-08-13,PROD006,2,54.59,10.0,No
ORD2740,CUST068,2023-11-22,PROD010,3,32.34,10.0,Yes
ORD4242,CUST345,2023-04-14,PROD004,3,53.8,0.0,Yes
ORD2430,CUST476,2022-10-25,PROD008,2,51.05,10.0,No
ORD8269,CUST300,2022-01-22,PROD009,1,50.53,10.0,No
ORD3351,CUST230,2023-04-05,PROD004,3,53.8,0.0,No
ORD7307,CUST344,2024-06-13,PROD009,1,50.53,0.0,No
ORD1190,CUST267,2024-11-28,PROD010,1,32.34,0.0,Yes
ORD3894,CUST111,2022-06-08,PROD010,3,32.34,5.0,Yes
ORD4586,CUST300,2024-12-23,PROD006,1,54.59,5.0,Yes
ORD4091,CUST140,2022-03-06,PROD004,3,53.8,0.0,No
ORD4875,CUST020,2024-06-06,PROD004,3,53.8,5.0,No
ORD3159,CUST404,2023-03-09,PROD007,3,47.93,0.0,Yes
ORD4094,CUST092,2022-10-21,PROD006,2,54.59,0.0,No
ORD1032,CUST422,2024-07-23,PROD003,1,45.84,10.0,No
ORD3545,CUST375,2023-02-12,PROD008,1,51.05,10.0,Yes
ORD7662,CUST052,2024-05-26,PROD010,1,32.34,5.0,No
ORD5918,CUST020,2023-10-08,PROD008,1,51.05,0.0,No
ORD8057,CUST299,2024-04-27,PROD010,2,32.34,0.0,No
ORD8033,CUST274,2022-04-30,PROD007,2,47.93,0.0,No
ORD6549,CUST244,2023-02-22,PROD009,1,50.53,5.0,No
ORD5582,CUST217,2022-01-25,PROD004,3,53.8,10.0,No
ORD6107,CUST113,2024-02-25,PROD002,2,29.68,0.0,Yes
ORD9342,CUST445,2022-12-28,PROD006,2,54.59,5.0,No
ORD6470,CUST473,2022-02-20,PROD002,3,29.68,5.0,No
ORD1300,CUST405,2022-02-26,PROD002,1,29.68,0.0,No
ORD7462,CUST486,2022-10-20,PROD007,3,47.93,5.0,Yes
ORD2085,CUST098,2023-10-14,PROD001,3,29.73,5.0,No
ORD5957,CUST261,2024-10-22,PROD005,3,37.2,5.0,Yes
ORD6596,CUST497,2024-05-18,PROD002,3,29.68,10.0,No
ORD3911,CUST310,2023-01-03,PROD007,2,47.93,10.0,No
ORD3316,CUST179,2024-05-06,PROD001,3,29.73,5.0,No
ORD4569,CUST151,2024-09-05,PROD001,1,29.73,10.0,Yes
ORD6065,CUST215,2024-01-29,PROD007,3,47.93,5.0,Yes
ORD1462,CUST433,2024-12-05,PROD010,1,32.34,0.0,No
ORD5711,CUST122,2024-11-12,PROD002,3,29.68,0.0,No
ORD4122,CUST377,2023-05-29,PROD010,2,32.34,5.0,No
ORD8630,CUST423,2022-05-30,PROD007,2,47.93,5.0,Yes
ORD8322,CUST488,2023-10-22,PROD010,2,32.34,0.0,No
ORD4471,CUST324,2022-10-07,PROD008,1,51.05,5.0,Yes
ORD3892,CUST168,2024-03-19,PROD008,1,51.05,5.0,Yes
ORD3648,CUST372,2023-12-10,PROD009,2,50.53,5.0,No
ORD5232,CUST242,2023-09-16,PROD003,2,45.84,10.0,Yes
ORD7567,CUST022,2023-11-12,PROD009,3,50.53,5.0,No
ORD6692,CUST225,2022-12-22,PROD006,2,54.59,10.0,No
ORD6582,CUST300,2024-06-03,PROD010,3,32.34,10.0,No
ORD9590,CUST406,2024-04-25,PROD005,2,37.2,5.0,No
ORD7559,CUST213,2023-11-16,PROD007,3,47.93,0.0,No
ORD5608,CUST331,2024-11-02,PROD010,2,32.34,10.0,No
ORD8869,CUST278,2024-10-27,PROD001,3,29.73,10.0,No
ORD7639,CUST323,2024-07-30,PROD006,1,54.59,0.0,Yes
ORD2079,CUST237,2023-03-13,PROD009,1,50.53,0.0,No
ORD8947,CUST055,2022-09-05,PROD001,2,29.73,10.0,No
ORD4322,CUST460,2022-04-15,PROD010,1,32.34,5.0,No
ORD2530,CUST363,2022-05-07,PROD006,1,54.59,0.0,Yes
ORD9286,CUST089,2022-07-11,PROD001,3,29.73,10.0,No
ORD9466,CUST398,2024-03-12,PROD001,2,29.73,0.0,No
ORD2081,CUST464,2024-09-29,PROD008,1,51.05,0.0,Yes
ORD1684,CUST138,2024-08-07,PROD002,3,29.68,0.0,No
ORD9110,CUST420,2024-09-23,PROD003,2,45.84,10.0,No
ORD2854,CUST382,2023-06-26,PROD002,2,29.68,0.0,No
ORD9884,CUST025,2022-03-12,PROD005,3,37.2,10.0,No
ORD7434,CUST031,2023-12-24,PROD006,1,54.59,10.0,No
ORD8079,CUST071,2022-05-07,PROD003,3,45.84,5.0,Yes
ORD5629,CUST298,2024-02-22,PROD005,3,37.2,0.0,No
ORD1920,CUST426,2022-09-17,PROD003,2,45.84,10.0,No
ORD9631,CUST146,2024-02-12,PROD009,2,50.53,0.0,No
ORD7072,CUST023,2024-08-17,PROD010,3,32.34,0.0,No
ORD5698,CUST451,2022-08-09,PROD005,3,37.2,10.0,No
ORD7694,CUST241,2023-03-20,PROD004,3,53.8,0.0,No
ORD7561,CUST335,2022-10-13,PROD002,2,29.68,0.0,No
ORD3780,CUST470,2023-04-15,PROD007,2,47.93,10.0,Yes
ORD5022,CUST138,2022-02-21,PROD005,3,37.2,5.0,No
ORD1723,CUST437,2023-08-31,PROD004,2,53.8,5.0,No
ORD9585,CUST134,2023-11-22,PROD001,2,29.73,5.0,No
ORD3068,CUST294,2022-02-03,PROD002,3,29.68,10.0,No
ORD2328,CUST438,2023-04-05,PROD002,2,29.68,5.0,Yes
ORD8144,CUST120,2022-06-13,PROD008,2,51.05,10.0,No
ORD2416,CUST176,2022-10-20,PROD005,3,37.2,5.0,Yes
ORD2140,CUST346,2023-07-05,PROD001,1,29.73,10.0,Yes
ORD3585,CUST341,2024-09-21,PROD001,1,29.73,5.0,No
ORD9220,CUST196,2023-05-08,PROD005,1,37.2,5.0,No
ORD4445,CUST491,2023-05-14,PROD003,3,45.84,10.0,No
ORD1633,CUST004,2022-02-10,PROD006,1,54.59,5.0,No
ORD5540,CUST295,2023-11-16,PROD007,1,47.93,5.0,No
ORD7635,CUST286,2022-05-26,PROD001,1,29.73,5.0,No
ORD1151,CUST300,2022-01-05,PROD003,2,45.84,5.0,Yes
ORD9370,CUST268,2023-01-18,PROD004,3,53.8,5.0,No
ORD8621,CUST010,2024-08-27,PROD005,3,37.2,5.0,No
ORD4640,CUST112,2023-09-15,PROD002,2,29.68,10.0,No
ORD9487,CUST190,2023-06-22,PROD009,1,50.53,0.0,Yes
ORD3846,CUST430,2024-12-31,PROD004,3,53.8,0.0,Yes
ORD2567,CUST491,2022-05-14,PROD002,1,29.68,0.0,Yes
ORD7305,CUST454,2023-04-01,PROD008,3,51.05,5.0,No
ORD9541,CUST020,2024-10-15,PROD002,3,29.68,0.0,No
ORD5820,CUST313,2022-07-12,PROD010,3,32.34,5.0,No
ORD6665,CUST302,2023-08-16,PROD010,2,32.34,5.0,Yes
ORD2215,CUST382,2022-07-02,PROD001,1,29.73,5.0,No
ORD1630,CUST185,2023-10-09,PROD005,1,37.2,5.0,No
ORD7988,CUST409,2024-05-19,PROD009,2,50.53,10.0,Yes
ORD1452,CUST021,2022-08-27,PROD009,2,50.53,0.0,No
ORD3638,CUST275,2024-02-26,PROD007,2,47.93,5.0,Yes
ORD5943,CUST436,2023-04-26,PROD010,2,32.34,0.0,Yes
ORD3029,CUST196,2022-05-21,PROD002,1,29.68,0.0,No
ORD3994,CUST337,2023-01-09,PROD005,3,37.2,5.0,Yes
ORD4270,CUST074,2023-02-24,PROD006,3,54.59,5.0,Yes
ORD3188,CUST004,2022-05-14,PROD003,1,45.84,5.0,No
ORD7857,CUST254,2022-05-19,PROD001,2,29.73,5.0,Yes
ORD2780,CUST108,2024-05-30,PROD006,1,54.59,5.0,No
ORD3231,CUST483,2024-09-24,PROD008,3,51.05,0.0,No
ORD6109,CUST309,2022-07-31,PROD002,2,29.68,0.0,No
ORD7519,CUST474,2024-03-15,PROD010,3,32.34,0.0,No
ORD7747,CUST134,2022-12-25,PROD004,3,53.8,5.0,No
ORD3741,CUST407,2024-09-22,PROD008,2,51.05,5.0,No
ORD9581,CUST107,2022-11-13,PROD002,2,29.68,0.0,Yes
ORD1370,CUST013,2022-01-26,PROD008,3,51.05,10.0,No
ORD4060,CUST347,2024-12-06,PROD002,2,29.68,5.0,No
ORD8592,CUST024,2024-09-06,PROD007,3,47.93,0.0,Yes
ORD2753,CUST012,2022-11-11,PROD010,3,32.34,5.0,No
ORD3969,CUST164,2023-08-13,PROD008,1,51.05,5.0,No
ORD8695,CUST082,2024-10-08,PROD009,2,50.53,10.0,Yes
ORD7364,CUST022,2024-01-29,PROD010,3,32.34,10.0,No
ORD5347,CUST268,2022-11-26,PROD006,2,54.59,0.0,Yes
ORD8111,CUST013,2023-03-28,PROD008,2,51.05,0.0,No
ORD1742,CUST477,2023-11-28,PROD002,3,29.68,5.0,Yes
ORD5305,CUST424,2023-08-15,PROD002,1,29.68,0.0,Yes
ORD7360,CUST231,2022-07-19,PROD004,1,53.8,10.0,No
ORD1744,CUST040,2022-06-27,PROD010,3,32.34,0.0,No
ORD3978,CUST468,2023-09-29,PROD004,3,53.8,10.0,Yes
ORD4245,CUST303,2023-08-10,PROD002,3,29.68,0.0,No
ORD5405,CUST329,2022-11-02,PROD001,2,29.73,5.0,No
ORD4917,CUST435,2023-09-11,PROD002,3,29.68,10.0,Yes
ORD4614,CUST231,2023-04-21,PROD006,2,54.59,10.0,No
ORD9079,CUST339,2024-07-07,PROD003,2,45.84,10.0,No
ORD4209,CUST477,2023-08-23,PROD005,3,37.2,10.0,Yes
ORD1927,CUST464,2022-07-31,PROD003,2,45.84,0.0,Yes
ORD5296,CUST090,2022-04-29,PROD001,2,29.73,5.0,No
ORD2670,CUST408,2024-06-04,PROD001,2,29.73,0.0,No
ORD2735,CUST138,2022-08-13,PROD006,3,54.59,0.0,Yes
ORD1590,CUST499,2022-06-28,PROD010,3,32.34,0.0,No
ORD1884,CUST308,2024-01-30,PROD001,3,29.73,10.0,Yes
ORD8799,CUST409,2023-08-03,PROD006,1,54.59,10.0,Yes
ORD1559,CUST268,2022-12-11,PROD002,3,29.68,5.0,No
ORD1146,CUST073,2023-04-22,PROD002,2,29.68,5.0,No
ORD4266,CUST293,2023-08-15,PROD010,2,32.34,10.0,No
ORD5065,CUST434,2022-03-20,PROD005,2,37.2,0.0,No
ORD6813,CUST434,2023-04-10,PROD006,1,54.59,10.0,No
ORD4066,CUST214,2024-07-15,PROD005,2,37.2,5.0,No
ORD6081,CUST332,2022-07-22,PROD003,2,45.84,10.0,No
ORD3933,CUST263,2024-10-26,PROD010,2,32.34,10.0,No
ORD1603,CUST110,2023-11-01,PROD008,2,51.05,0.0,Yes
ORD7840,CUST470,2023-12-01,PROD003,1,45.84,0.0,No
ORD1622,CUST268,2023-05-03,PROD001,2,29.73,0.0,No
ORD9928,CUST471,2024-06-13,PROD005,1,37.2,10.0,No
ORD4543,CUST199,2024-04-02,PROD009,2,50.53,0.0,No
ORD1881,CUST312,2024-04-04,PROD003,3,45.84,5.0,Yes
ORD5627,CUST491,2024-05-21,PROD001,1,29.73,10.0,No
ORD4031,CUST096,2023-08-17,PROD002,2,29.68,10.0,No
ORD7052,CUST147,2024-11-26,PROD002,2,29.68,5.0,No
ORD5054,CUST479,2024-11-30,PROD004,1,53.8,10.0,No
ORD8044,CUST462,2022-11-24,PROD007,3,47.93,5.0,No
ORD5710,CUST154,2022-09-03,PROD002,1,29.68,10.0,Yes
ORD7774,CUST401,2024-03-04,PROD003,2,45.84,10.0,No
ORD5062,CUST312,2022-04-18,PROD009,1,50.53,10.0,Yes
ORD4716,CUST129,2023-01-03,PROD008,1,51.05,10.0,No
ORD5396,CUST066,2022-11-29,PROD005,2,37.2,10.0,No
ORD8466,CUST039,2022-03-29,PROD002,2,29.68,10.0,No
ORD2268,CUST083,2022-05-28,PROD004,2,53.8,10.0,No
ORD8311,CUST256,2022-07-18,PROD010,1,32.34,10.0,No
ORD8922,CUST307,2022-05-23,PROD005,1,37.2,0.0,No
ORD3068,CUST118,2022-04-23,PROD006,3,54.59,0.0,No
ORD1702,CUST407,2022-09-01,PROD001,1,29.73,5.0,No
ORD8430,CUST452,2022-10-16,PROD008,1,51.05,10.0,Yes
ORD8609,CUST098,2023-07-24,PROD003,3,45.84,5.0,No
ORD9431,CUST304,2022-09-28,PROD002,1,29.68,0.0,No
ORD8458,CUST156,2023-02-03,PROD001,1,29.73,5.0,Yes
ORD7098,CUST363,2024-10-23,PROD010,2,32.34,5.0,Yes
ORD8815,CUST305,2022-04-14,PROD009,3,50.53,5.0,No
ORD2868,CUST262,2023-08-13,PROD010,3,32.34,0.0,No
ORD2060,CUST071,2022-11-18,PROD008,2,51.05,0.0,No
ORD4122,CUST278,2022-11-26,PROD002,2,29.68,5.0,Yes
ORD9554,CUST428,2022-11-06,PROD003,3,45.84,10.0,Yes
ORD1891,CUST453,2024-07-11,PROD003,2,45.84,0.0,Yes
ORD5817,CUST393,2022-01-29,PROD007,2,47.93,10.0,No
ORD9822,CUST416,2024-02-29,PROD010,2,32.34,5.0,No
ORD4754,CUST138,2022-12-10,PROD002,3,29.68,10.0,No
ORD9329,CUST052,2024-07-23,PROD008,1,51.05,5.0,No
ORD5651,CUST189,2023-11-08,PROD008,2,51.05,0.0,No
ORD9789,CUST057,2023-01-06,PROD002,3,29.68,0.0,No
ORD9444,CUST180,2023-06-23,PROD003,1,45.84,0.0,No
ORD1657,CUST066,2022-09-24,PROD007,3,47.93,10.0,No
ORD9959,CUST112,2022-10-29,PROD008,3,51.05,5.0,No
ORD9611,CUST299,2024-05-14,PROD004,3,53.8,0.0,No
ORD2635,CUST006,2023-09-30,PROD006,2,54.59,5.0,Yes
ORD5776,CUST014,2024-09-09,PROD003,2,45.84,10.0,No
ORD9583,CUST329,2024-02-12,PROD010,3,32.34,5.0,No
ORD8875,CUST101,2024-11-19,PROD001,2,29.73,10.0,No
ORD6021,CUST112,2023-08-23,PROD003,3,45.84,0.0,No
ORD1761,CUST021,2022-12-25,PROD006,3,54.59,0.0,Yes
ORD4327,CUST058,2024-04-01,PROD004,3,53.8,10.0,No
ORD6840,CUST022,2024-07-23,PROD008,2,51.05,0.0,No
ORD1729,CUST413,2023-07-31,PROD010,1,32.34,10.0,No
ORD5921,CUST212,2022-01-13,PROD002,3,29.68,10.0,No
ORD7959,CUST471,2024-08-25,PROD002,1,29.68,0.0,No
ORD9679,CUST486,2024-08-19,PROD002,3,29.68,5.0,Yes
ORD1844,CUST166,2022-09-17,PROD009,2,50.53,0.0,No
ORD3956,CUST319,2023-08-06,PROD010,3,32.34,0.0,Yes
ORD8419,CUST047,2024-11-03,PROD007,2,47.93,10.0,No
ORD6571,CUST172,2024-05-14,PROD008,2,51.05,10.0,Yes
ORD6364,CUST081,2022-01-24,PROD010,2,32.34,5.0,No
ORD2200,CUST342,2024-01-08,PROD004,1,53.8,10.0,No
ORD2985,CUST330,2024-07-05,PROD004,1,53.8,5.0,No
ORD2763,CUST377,2022-10-09,PROD010,1,32.34,5.0,No
ORD2237,CUST025,2023-09-12,PROD005,1,37.2,5.0,No
ORD4075,CUST071,2022-06-14,PROD004,1,53.8,0.0,Yes
ORD9786,CUST307,2024-08-07,PROD007,2,47.93,0.0,No
ORD7467,CUST243,2024-10-07,PROD004,2,53.8,10.0,No
ORD2328,CUST311,2023-08-10,PROD007,2,47.93,10.0,No
ORD4195,CUST441,2023-09-07,PROD003,3,45.84,0.0,Yes
ORD6804,CUST015,2022-11-19,PROD004,2,53.8,0.0,Yes
ORD1186,CUST145,2024-11-07,PROD002,1,29.68,0.0,No
ORD3414,CUST125,2022-04-07,PROD010,3,32.34,5.0,No
ORD3851,CUST012,2023-04-07,PROD003,3,45.84,10.0,No
ORD4003,CUST230,2022-07-22,PROD008,3,51.05,0.0,Yes
ORD5299,CUST376,2022-07-06,PROD009,2,50.53,10.0,No
ORD8404,CUST367,2024-05-18,PROD005,3,37.2,10.0,Yes
ORD6115,CUST007,2022-08-14,PROD002,3,29.68,10.0,No
ORD2640,CUST159,2023-12-28,PROD005,3,37.2,0.0,No
ORD3421,CUST249,2024-03-10,PROD004,1,53.8,0.0,No
ORD8573,CUST349,2023-02-05,PROD003,1,45.84,5.0,Yes
ORD3623,CUST302,2023-06-20,PROD004,3,53.8,5.0,Yes
ORD6802,CUST299,2024-06-23,PROD004,2,53.8,0.0,No
ORD5360,CUST052,2024-09-12,PROD006,2,54.59,5.0,Yes
ORD7179,CUST079,2022-01-30,PROD002,2,29.68,0.0,Yes
ORD1703,CUST422,2023-12-03,PROD001,1,29.73,10.0,No
ORD2794,CUST333,2024-06-06,PROD008,2,51.05,5.0,No
ORD2485,CUST150,2024-04-21,PROD009,2,50.53,5.0,Yes
ORD3241,CUST229,2022-11-21,PROD007,3,47.93,10.0,Yes
ORD6268,CUST188,2022-03-13,PROD004,3,53.8,10.0,Yes
ORD4532,CUST364,2023-03-23,PROD009,3,50.53,10.0,No
ORD4019,CUST198,2024-01-28,PROD006,2,54.59,10.0,Yes
ORD1383,CUST029,2022-10-30,PROD002,1,29.68,0.0,Yes
ORD1247,CUST495,2024-02-24,PROD010,2,32.34,0.0,No
ORD4702,CUST005,2023-06-16,PROD008,3,51.05,5.0,Yes
ORD3514,CUST258,2024-08-31,PROD008,2,51.05,0.0,No
ORD1242,CUST224,2024-11-26,PROD001,1,29.73,10.0,No
ORD4678,CUST311,2024-06-06,PROD001,2,29.73,10.0,No
ORD8237,CUST184,2024-08-17,PROD004,1,53.8,10.0,No
ORD3662,CUST123,2023-12-04,PROD008,2,51.05,5.0,Yes
ORD4455,CUST488,2023-03-23,PROD006,1,54.59,10.0,No
ORD2310,CUST080,2023-05-29,PROD006,2,54.59,5.0,No
ORD4717,CUST034,2024-08-16,PROD002,2,29.68,0.0,No
ORD2899,CUST270,2022-08-17,PROD002,2,29.68,5.0,No
ORD3919,CUST403,2023-02-03,PROD007,3,47.93,5.0,Yes
ORD2915,CUST164,2023-12-26,PROD010,1,32.34,5.0,No
ORD9274,CUST230,2022-11-30,PROD002,3,29.68,0.0,Yes
ORD2378,CUST319,2024-12-25,PROD003,3,45.84,5.0,Yes
ORD5187,CUST345,2023-11-21,PROD007,1,47.93,5.0,No
ORD1060,CUST319,2023-06-26,PROD009,3,50.53,0.0,No
ORD8925,CUST089,2022-02-10,PROD001,1,29.73,5.0,No
ORD5730,CUST299,2022-05-27,PROD001,1,29.73,0.0,No
ORD7413,CUST193,2024-01-19,PROD008,1,51.05,5.0,Yes
ORD6617,CUST298,2023-11-02,PROD010,2,32.34,5.0,Yes
ORD2198,CUST360,2024-09-11,PROD004,2,53.8,0.0,No
ORD1044,CUST040,2022-11-16,PROD009,2,50.53,0.0,No
ORD3421,CUST201,2024-07-17,PROD009,3,50.53,10.0,Yes
ORD6514,CUST466,2023-08-29,PROD003,1,45.84,10.0,No
ORD2100,CUST317,2022-01-05,PROD010,2,32.34,0.0,No
ORD2770,CUST199,2022-07-06,PROD010,1,32.34,5.0,Yes
ORD3083,CUST226,2024-04-13,PROD002,2,29.68,5.0,No
ORD5928,CUST349,2024-08-23,PROD006,2,54.59,5.0,No
ORD4324,CUST024,2024-09-14,PROD008,2,51.05,5.0,Yes
ORD2578,CUST375,2022-10-12,PROD010,2,32.34,0.0,No
ORD4154,CUST048,2023-07-10,PROD008,2,51.05,10.0,No
ORD8257,CUST102,2022-05-31,PROD006,1,54.59,10.0,No
ORD7012,CUST052,2022-07-25,PROD005,1,37.2,5.0,Yes
ORD3434,CUST212,2024-02-23,PROD004,1,53.8,10.0,No
ORD2994,CUST434,2022-11-09,PROD007,3,47.93,10.0,No
ORD4788,CUST395,2023-08-15,PROD007,1,47.93,10.0,Yes
ORD3796,CUST102,2022-05-29,PROD010,1,32.34,0.0,Yes
ORD6616,CUST241,2023-05-12,PROD001,3,29.73,10.0,No
ORD4867,CUST318,2023-12-28,PROD006,3,54.59,10.0,No
ORD2167,CUST377,2023-02-02,PROD001,2,29.73,5.0,No
ORD2755,CUST143,2023-11-24,PROD007,3,47.93,10.0,No
ORD3603,CUST064,2023-03-05,PROD009,3,50.53,0.0,No
ORD1393,CUST027,2023-05-30,PROD004,3,53.8,10.0,No
ORD6682,CUST488,2023-10-25,PROD008,2,51.05,0.0,No
ORD9966,CUST206,2024-04-17,PROD010,1,32.34,5.0,No
ORD1029,CUST345,2023-06-02,PROD005,3,37.2,0.0,No
ORD5894,CUST299,2022-11-26,PROD003,2,45.84,0.0,Yes
ORD6783,CUST177,2024-10-07,PROD003,1,45.84,10.0,No
ORD4261,CUST479,2024-01-31,PROD003,3,45.84,10.0,Yes
ORD8647,CUST382,2023-12-24,PROD009,1,50.53,0.0,No
ORD2113,CUST306,2022-04-27,PROD010,2,32.34,5.0,Yes
ORD4932,CUST358,2023-08-06,PROD002,2,29.68,0.0,No
ORD5826,CUST230,2023-08-25,PROD007,3,47.93,0.0,No
ORD1255,CUST075,2022-08-22,PROD002,2,29.68,10.0,No
ORD8011,CUST079,2023-04-03,PROD002,2,29.68,5.0,No
ORD1952,CUST030,2023-04-14,PROD007,2,47.93,0.0,No
ORD1872,CUST289,2023-04-27,PROD009,1,50.53,10.0,No
ORD8218,CUST170,2023-02-24,PROD008,2,51.05,0.0,Yes
ORD7538,CUST335,2022-05-24,PROD002,3,29.68,0.0,No
ORD8048,CUST061,2024-10-12,PROD002,1,29.68,5.0,Yes
ORD7195,CUST452,2024-07-18,PROD009,1,50.53,5.0,Yes
ORD3625,CUST124,2024-12-25,PROD005,2,37.2,10.0,No
ORD1506,CUST469,2023-03-27,PROD004,3,53.8,5.0,Yes
ORD7411,CUST429,2022-10-28,PROD010,3,32.34,10.0,No
ORD8557,CUST187,2024-03-22,PROD005,3,37.2,5.0,Yes
ORD6537,CUST406,2022-09-14,PROD010,3,32.34,5.0,Yes
ORD1160,CUST274,2023-08-29,PROD005,2,37.2,0.0,No
ORD9452,CUST148,2022-04-05,PROD009,1,50.53,0.0,Yes
ORD3192,CUST329,2024-07-06,PROD004,2,53.8,5.0,No
ORD2280,CUST104,2023-05-21,PROD010,3,32.34,10.0,Yes
ORD1606,CUST194,2023-06-21,PROD007,2,47.93,5.0,Yes
ORD4076,CUST035,2023-08-16,PROD001,2,29.73,10.0,No
ORD3010,CUST117,2023-09-17,PROD007,2,47.93,10.0,Yes
ORD3213,CUST054,2023-08-05,PROD006,1,54.59,10.0,No
ORD9334,CUST178,2023-05-28,PROD009,1,50.53,10.0,No
ORD5256,CUST033,2023-03-30,PROD010,1,32.34,5.0,Yes
ORD1091,CUST417,2024-03-24,PROD002,2,29.68,10.0,No
ORD5838,CUST276,2022-01-22,PROD003,3,45.84,0.0,No
ORD1572,CUST215,2023-09-23,PROD009,3,50.53,5.0,No
ORD7422,CUST069,2022-02-22,PROD002,1,29.68,10.0,No
ORD6851,CUST147,2022-04-13,PROD007,3,47.93,0.0,No
ORD9757,CUST293,2022-11-08,PROD005,1,37.2,5.0,No
ORD1499,CUST379,2023-10-24,PROD005,1,37.2,5.0,Yes
ORD9679,CUST333,2022-03-20,PROD004,1,53.8,0.0,No
ORD7847,CUST334,2023-03-09,PROD009,3,50.53,5.0,Yes
ORD2954,CUST471,2023-10-22,PROD006,1,54.59,5.0,Yes
ORD7056,CUST067,2024-05-03,PROD005,2,37.2,10.0,No
ORD5759,CUST094,2022-08-13,PROD005,2,37.2,5.0,Yes
ORD3295,CUST254,2022-05-21,PROD001,2,29.73,5.0,No
ORD7038,CUST424,2024-10-25,PROD004,3,53.8,0.0,Yes
ORD7695,CUST008,2024-05-08,PROD001,1,29.73,10.0,Yes
ORD3734,CUST191,2022-11-23,PROD003,3,45.84,0.0,No
ORD1688,CUST405,2023-07-20,PROD009,2,50.53,0.0,Yes
ORD9548,CUST405,2022-11-21,PROD007,2,47.93,5.0,No
ORD6193,CUST122,2022-01-16,PROD002,1,29.68,5.0,No
ORD5161,CUST370,2022-09-05,PROD002,3,29.68,5.0,No
ORD6279,CUST362,2023-03-03,PROD001,2,29.73,10.0,No
ORD9342,CUST313,2024-12-14,PROD010,1,32.34,0.0,No
ORD5615,CUST398,2023-02-25,PROD010,1,32.34,5.0,No
ORD6152,CUST096,2024-02-28,PROD006,3,54.59,0.0,Yes
ORD6683,CUST336,2024-09-09,PROD010,3,32.34,0.0,No
ORD7967,CUST229,2022-02-03,PROD004,2,53.8,5.0,Yes
ORD5878,CUST154,2022-04-04,PROD002,3,29.68,0.0,Yes
ORD3479,CUST302,2023-03-09,PROD010,1,32.34,0.0,No
ORD8970,CUST104,2022-09-29,PROD005,2,37.2,5.0,No
ORD8929,CUST490,2023-01-20,PROD008,2,51.05,10.0,No
ORD3671,CUST219,2023-02-01,PROD003,1,45.84,10.0,No
ORD2533,CUST393,2024-09-19,PROD003,3,45.84,5.0,Yes
ORD7278,CUST133,2022-02-23,PROD010,1,32.34,10.0,No
ORD3463,CUST346,2024-05-15,PROD009,3,50.53,0.0,No
ORD6402,CUST148,2024-01-04,PROD008,1,51.05,0.0,No
ORD7626,CUST420,2023-07-29,PROD010,2,32.34,0.0,No
ORD8573,CUST202,2024-05-08,PROD004,2,53.8,10.0,Yes
ORD4360,CUST413,2024-10-12,PROD009,3,50.53,0.0,No
ORD7816,CUST358,2023-09-11,PROD009,2,50.53,5.0,Yes
ORD6013,CUST473,2024-01-17,PROD010,1,32.34,5.0,No
ORD6888,CUST366,2023-11-15,PROD009,3,50.53,10.0,No
ORD1616,CUST466,2024-11-01,PROD006,1,54.59,5.0,No
ORD5356,CUST474,2024-08-26,PROD003,1,45.84,5.0,No
ORD2383,CUST106,2022-01-01,PROD006,1,54.59,10.0,No
ORD3913,CUST138,2022-10-07,PROD008,2,51.05,0.0,No
ORD4510,CUST330,2023-05-21,PROD002,3,29.68,10.0,Yes
ORD7858,CUST356,2024-07-23,PROD009,1,50.53,0.0,No
ORD5190,CUST263,2023-12-28,PROD010,1,32.34,5.0,No
ORD1705,CUST133,2022-12-11,PROD006,2,54.59,10.0,No
ORD7330,CUST290,2024-01-13,PROD001,1,29.73,5.0,No
ORD5041,CUST015,2024-01-18,PROD002,2,29.68,5.0,Yes
ORD3449,CUST365,2024-09-15,PROD009,2,50.53,10.0,Yes
ORD5690,CUST043,2024-03-18,PROD008,2,51.05,10.0,No
ORD4562,CUST019,2023-08-06,PROD005,2,37.2,10.0,No
ORD2480,CUST284,2023-12-20,PROD003,2,45.84,0.0,No
ORD2969,CUST067,2023-11-20,PROD006,1,54.59,5.0,Yes
ORD5266,CUST338,2023-11-09,PROD008,1,51.05,5.0,Yes
ORD6840,CUST459,2023-04-16,PROD002,3,29.68,10.0,No
ORD3879,CUST421,2022-11-24,PROD009,1,50.53,10.0,Yes
ORD5945,CUST472,2022-08-31,PROD001,2,29.73,5.0,No
ORD7564,CUST402,2023-06-19,PROD001,3,29.73,0.0,No
ORD4124,CUST403,2024-02-15,PROD009,3,50.53,0.0,No
ORD1390,CUST212,2024-09-14,PROD010,2,32.34,0.0,Yes
ORD3767,CUST283,2022-10-05,PROD009,1,50.53,10.0,No
ORD9027,CUST324,2024-12-17,PROD004,2,53.8,0.0,No
ORD5885,CUST109,2022-12-02,PROD001,2,29.73,5.0,No
ORD8215,CUST275,2023-06-18,PROD009,3,50.53,5.0,Yes
ORD3337,CUST132,2023-08-01,PROD005,2,37.2,0.0,No
ORD1179,CUST370,2022-03-19,PROD003,1,45.84,0.0,No
ORD3302,CUST422,2022-10-31,PROD007,1,47.93,10.0,No
ORD3323,CUST074,2022-08-11,PROD003,2,45.84,10.0,No
ORD2778,CUST358,2023-05-31,PROD010,2,32.34,0.0,Yes
ORD1532,CUST216,2023-07-28,PROD006,2,54.59,10.0,No
ORD3037,CUST341,2024-01-31,PROD005,3,37.2,10.0,No
ORD8282,CUST074,2023-02-07,PROD003,3,45.84,0.0,No
ORD8488,CUST375,2024-06-21,PROD004,1,53.8,5.0,Yes
ORD7919,CUST480,2023-08-18,PROD006,2,54.59,5.0,Yes
ORD7140,CUST441,2023-05-29,PROD009,3,50.53,0.0,Yes
ORD4667,CUST078,2022-01-31,PROD003,2,45.84,5.0,No
ORD1322,CUST268,2022-12-19,PROD008,3,51.05,10.0,No
ORD3265,CUST260,2022-07-16,PROD009,1,50.53,5.0,No
ORD6361,CUST324,2023-09-26,PROD008,3,51.05,10.0,No
ORD7345,CUST410,2023-04-27,PROD008,2,51.05,10.0,No
ORD5138,CUST121,2022-08-15,PROD009,2,50.53,0.0,Yes
ORD4284,CUST007,2022-04-26,PROD003,1,45.84,0.0,Yes
ORD6449,CUST446,2022-10-14,PROD008,3,51.05,10.0,No
ORD5873,CUST121,2022-07-21,PROD001,1,29.73,5.0,Yes
ORD6414,CUST094,2023-01-07,PROD005,3,37.2,0.0,No
ORD8311,CUST306,2024-02-04,PROD007,2,47.93,10.0,No
ORD2078,CUST072,2022-04-21,PROD002,3,29.68,0.0,No
ORD2649,CUST279,2022-08-14,PROD001,1,29.73,10.0,No
ORD2419,CUST484,2022-05-19,PROD006,2,54.59,10.0,Yes
ORD3851,CUST493,2023-06-09,PROD009,2,50.53,10.0,No
ORD3166,CUST349,2022-12-16,PROD004,1,53.8,0.0,Yes
ORD5796,CUST376,2024-08-09,PROD009,2,50.53,10.0,No
ORD6916,CUST295,2024-08-07,PROD004,1,53.8,10.0,No
ORD9934,CUST346,2023-10-17,PROD007,3,47.93,0.0,No
ORD1127,CUST354,2022-05-13,PROD003,2,45.84,5.0,No
ORD6054,CUST078,2022-11-06,PROD004,2,53.8,10.0,Yes
ORD7969,CUST414,2023-06-10,PROD001,1,29.73,10.0,No
ORD8292,CUST272,2022-09-11,PROD009,1,50.53,5.0,No
ORD5761,CUST241,2022-08-22,PROD003,3,45.84,0.0,No
ORD1251,CUST170,2023-05-15,PROD001,3,29.73,0.0,No
ORD7301,CUST190,2023-06-22,PROD008,2,51.05,10.0,Yes
ORD9997,CUST056,2024-09-18,PROD007,2,47.93,5.0,No
ORD6539,CUST007,2023-01-29,PROD004,1,53.8,5.0,No
ORD9118,CUST023,2024-12-03,PROD001,3,29.73,5.0,No
ORD7463,CUST123,2022-11-05,PROD003,1,45.84,10.0,No
ORD3347,CUST105,2023-05-01,PROD009,1,50.53,5.0,Yes
ORD4523,CUST259,2022-06-26,PROD006,3,54.59,5.0,Yes
ORD2030,CUST412,2024-05-04,PROD002,2,29.68,10.0,Yes
ORD8255,CUST405,2022-05-13,PROD009,3,50.53,0.0,No
ORD2288,CUST472,2023-02-16,PROD006,3,54.59,0.0,No
ORD8540,CUST208,2023-10-14,PROD008,3,51.05,0.0,No
ORD9548,CUST098,2024-12-11,PROD002,2,29.68,10.0,Yes
ORD5813,CUST006,2022-02-20,PROD008,3,51.05,5.0,No
ORD8301,CUST438,2023-06-02,PROD003,1,45.84,5.0,No
ORD7449,CUST007,2023-01-18,PROD008,1,51.05,10.0,Yes
ORD4798,CUST434,2024-11-03,PROD006,1,54.59,0.0,No
ORD2907,CUST074,2023-08-15,PROD005,1,37.2,5.0,No
ORD1267,CUST254,2023-12-14,PROD002,1,29.68,10.0,No
ORD6780,CUST144,2023-09-03,PROD007,3,47.93,5.0,No
ORD2480,CUST218,2024-04-10,PROD001,3,29.73,0.0,No
ORD2955,CUST040,2022-01-06,PROD006,2,54.59,10.0,No
ORD6474,CUST252,2023-01-02,PROD007,1,47.93,0.0,Yes
ORD1982,CUST101,2023-02-10,PROD003,1,45.84,10.0,Yes
ORD2235,CUST441,2022-06-18,PROD002,3,29.68,0.0,No
ORD8349,CUST363,2023-01-19,PROD001,2,29.73,0.0,No
ORD4608,CUST488,2023-08-15,PROD008,2,51.05,0.0,No
ORD3145,CUST180,2022-07-05,PROD005,1,37.2,10.0,No
ORD3410,CUST106,2022-02-13,PROD002,3,29.68,5.0,No
ORD4193,CUST391,2022-04-08,PROD002,3,29.68,10.0,Yes
ORD7450,CUST179,2024-09-14,PROD001,1,29.73,0.0,No
ORD2357,CUST073,2023-08-28,PROD002,1,29.68,0.0,No
ORD9884,CUST244,2023-08-11,PROD008,1,51.05,5.0,No
ORD6632,CUST228,2024-04-14,PROD002,3,29.68,10.0,No
ORD8807,CUST311,2024-12-10,PROD009,1,50.53,0.0,Yes
ORD8886,CUST467,2023-07-03,PROD010,2,32.34,10.0,No
ORD3607,CUST386,2024-06-26,PROD006,3,54.59,10.0,No
ORD1192,CUST364,2022-04-24,PROD003,2,45.84,0.0,No
ORD9834,CUST372,2023-11-06,PROD004,3,53.8,5.0,No
ORD6327,CUST473,2023-08-26,PROD002,1,29.68,10.0,No
ORD9683,CUST080,2022-12-05,PROD007,1,47.93,10.0,Yes
ORD1103,CUST461,2024-02-05,PROD002,2,29.68,5.0,No
ORD3266,CUST257,2024-01-25,PROD008,2,51.05,5.0,Yes
ORD9969,CUST470,2022-04-02,PROD007,3,47.93,10.0,No
ORD2710,CUST157,2024-08-25,PROD003,2,45.84,0.0,No
ORD2517,CUST482,2022-08-27,PROD006,2,54.59,0.0,Yes
ORD5530,CUST496,2024-01-29,PROD005,3,37.2,0.0,Yes
ORD4443,CUST342,2023-08-18,PROD006,1,54.59,10.0,No
ORD1392,CUST105,2024-09-11,PROD005,3,37.2,0.0,No
ORD4397,CUST071,2024-02-04,PROD001,2,29.73,10.0,No
ORD6825,CUST092,2024-10-04,PROD007,1,47.93,0.0,Yes
ORD4885,CUST300,2024-01-25,PROD003,2,45.84,5.0,Yes
ORD7853,CUST242,2023-12-28,PROD010,2,32.34,10.0,No
ORD9697,CUST271,2023-08-18,PROD002,3,29.68,0.0,No
ORD8541,CUST335,2023-10-10,PROD001,1,29.73,10.0,No
ORD4399,CUST277,2023-09-02,PROD010,3,32.34,0.0,No
ORD5191,CUST260,2022-04-26,PROD006,2,54.59,10.0,No
ORD5380,CUST019,2024-08-18,PROD010,3,32.34,5.0,No
ORD6417,CUST488,2023-10-07,PROD006,3,54.59,5.0,Yes
ORD3249,CUST145,2023-12-11,PROD004,3,53.8,0.0,Yes
ORD4684,CUST189,2024-05-01,PROD009,3,50.53,0.0,No
ORD3423,CUST009,2022-12-04,PROD007,1,47.93,5.0,Yes
ORD8092,CUST393,2023-02-21,PROD009,2,50.53,5.0,No
ORD5408,CUST185,2022-03-09,PROD006,1,54.59,10.0,Yes
ORD6577,CUST047,2024-11-11,PROD001,3,29.73,10.0,Yes
ORD7678,CUST241,2023-04-28,PROD007,3,47.93,10.0,No
ORD7545,CUST389,2023-06-15,PROD008,3,51.05,10.0,No
ORD4069,CUST352,2022-07-17,PROD004,1,53.8,5.0,No
ORD3365,CUST221,2022-12-04,PROD001,1,29.73,10.0,No
ORD8896,CUST215,2024-02-07,PROD004,1,53.8,0.0,Yes
ORD1989,CUST465,2023-09-16,PROD002,1,29.68,10.0,No
ORD8271,CUST362,2024-08-27,PROD008,3,51.05,5.0,No
ORD7639,CUST233,2023-09-09,PROD003,3,45.84,0.0,No
ORD5941,CUST359,2024-11-08,PROD006,3,54.59,5.0,Yes
ORD3829,CUST314,2024-02-26,PROD009,3,50.53,10.0,No
ORD9625,CUST142,2024-03-06,PROD001,1,29.73,10.0,No
ORD3909,CUST134,2022-08-14,PROD003,1,45.84,0.0,Yes
ORD4890,CUST019,2024-12-05,PROD002,1,29.68,5.0,No
ORD1251,CUST310,2024-07-29,PROD002,2,29.68,10.0,No
ORD1515,CUST057,2024-07-28,PROD009,2,50.53,10.0,No
ORD8669,CUST257,2023-03-17,PROD009,2,50.53,0.0,No
ORD4915,CUST414,2023-08-10,PROD006,2,54.59,10.0,No
ORD8858,CUST332,2022-04-18,PROD003,2,45.84,10.0,Yes
ORD9598,CUST070,2022-05-23,PROD001,3,29.73,5.0,Yes
ORD8875,CUST267,2022-02-19,PROD004,3,53.8,0.0,No
ORD4774,CUST432,2022-09-20,PROD008,1,51.05,5.0,Yes
ORD9252,CUST291,2022-07-04,PROD006,1,54.59,0.0,Yes
ORD6474,CUST139,2023-02-19,PROD007,1,47.93,10.0,Yes
ORD9489,CUST422,2022-06-30,PROD006,2,54.59,5.0,No
ORD6929,CUST349,2024-08-28,PROD007,1,47.93,0.0,Yes
ORD4205,CUST432,2024-08-26,PROD010,3,32.34,5.0,Yes
ORD9854,CUST406,2022-02-04,PROD008,3,51.05,10.0,No
ORD4223,CUST293,2023-10-31,PROD005,2,37.2,5.0,Yes
ORD7123,CUST137,2023-03-22,PROD003,2,45.84,5.0,No
ORD1061,CUST117,2023-03-01,PROD009,2,50.53,10.0,No
ORD2856,CUST075,2023-09-20,PROD005,3,37.2,0.0,Yes
ORD8114,CUST115,2023-04-24,PROD006,1,54.59,10.0,No
ORD3873,CUST316,2024-11-09,PROD006,3,54.59,0.0,No
ORD8292,CUST280,2022-04-07,PROD008,3,51.05,5.0,Yes
ORD5864,CUST389,2022-04-07,PROD008,3,51.05,10.0,No
ORD8877,CUST308,2022-12-24,PROD002,3,29.68,5.0,No
ORD2795,CUST109,2024-08-12,PROD003,2,45.84,0.0,No
ORD9601,CUST124,2023-10-24,PROD009,1,50.53,10.0,No
ORD9697,CUST070,2022-10-22,PROD010,2,32.34,10.0,No
ORD1981,CUST021,2022-08-17,PROD004,3,53.8,5.0,No
ORD2130,CUST298,2022-10-11,PROD003,3,45.84,5.0,Yes
ORD4497,CUST339,2023-07-14,PROD003,1,45.84,0.0,No
ORD9037,CUST354,2024-01-09,PROD006,2,54.59,5.0,No
ORD1641,CUST238,2024-12-30,PROD010,2,32.34,10.0,No
ORD4853,CUST095,2024-11-20,PROD006,2,54.59,5.0,No
ORD4684,CUST468,2023-09-02,PROD005,2,37.2,5.0,No
ORD9341,CUST072,2024-07-09,PROD008,1,51.05,10.0,No
ORD6155,CUST207,2023-06-30,PROD009,3,50.53,5.0,No
ORD8768,CUST435,2023-07-28,PROD004,2,53.8,5.0,No
ORD3168,CUST256,2024-12-21,PROD007,1,47.93,0.0,No
ORD7539,CUST442,2022-12-03,PROD005,1,37.2,5.0,No
ORD1904,CUST198,2023-10-06,PROD006,3,54.59,5.0,No
ORD8441,CUST261,2024-05-28,PROD010,1,32.34,10.0,No
ORD2825,CUST175,2023-02-02,PROD006,2,54.59,0.0,No
ORD7695,CUST289,2022-10-18,PROD008,3,51.05,10.0,No
ORD4147,CUST498,2023-06-28,PROD009,2,50.53,0.0,No
ORD8829,CUST186,2023-05-25,PROD007,2,47.93,5.0,No
ORD6344,CUST322,2024-01-05,PROD003,1,45.84,5.0,Yes
ORD6759,CUST016,2022-03-14,PROD006,1,54.59,10.0,Yes
ORD5488,CUST218,2023-04-26,PROD004,3,53.8,0.0,Yes
ORD9427,CUST235,2023-11-17,PROD007,1,47.93,10.0,Yes
ORD6344,CUST310,2023-08-30,PROD004,1,53.8,10.0,No
ORD9072,CUST308,2023-12-25,PROD005,2,37.2,5.0,No
ORD2192,CUST498,2023-09-17,PROD008,3,51.05,0.0,No
ORD9341,CUST032,2024-02-06,PROD007,1,47.93,10.0,Yes
ORD3493,CUST279,2023-10-12,PROD005,2,37.2,0.0,No
ORD3006,CUST274,2023-12-08,PROD005,3,37.2,10.0,No
ORD6704,CUST146,2024-12-26,PROD008,3,51.05,5.0,Yes
ORD5030,CUST391,2024-04-27,PROD004,3,53.8,10.0,Yes
ORD9149,CUST266,2023-08-12,PROD009,2,50.53,5.0,No
ORD7626,CUST125,2024-05-24,PROD005,2,37.2,10.0,Yes
ORD9848,CUST470,2024-05-07,PROD001,3,29.73,0.0,Yes
ORD5450,CUST094,2023-01-04,PROD001,3,29.73,10.0,Yes
ORD1979,CUST207,2024-12-30,PROD001,2,29.73,5.0,No
ORD5142,CUST120,2023-07-10,PROD002,2,29.68,10.0,No
ORD3471,CUST291,2023-02-28,PROD005,3,37.2,5.0,No
ORD1768,CUST405,2022-10-21,PROD001,2,29.73,0.0,No
ORD6667,CUST260,2024-11-25,PROD003,2,45.84,0.0,No
ORD7049,CUST357,2022-10-08,PROD007,3,47.93,10.0,No
ORD6292,CUST237,2022-08-06,PROD008,2,51.05,0.0,Yes
ORD1456,CUST456,2023-10-25,PROD008,1,51.05,0.0,No
ORD6346,CUST214,2023-08-22,PROD005,3,37.2,10.0,No
ORD2565,CUST057,2024-04-18,PROD005,2,37.2,10.0,No
ORD4019,CUST377,2022-07-18,PROD006,2,54.59,0.0,No
ORD3112,CUST341,2024-04-27,PROD009,1,50.53,0.0,No
ORD9939,CUST011,2022-03-03,PROD002,1,29.68,10.0,No
ORD7119,CUST385,2022-01-22,PROD005,1,37.2,10.0,Yes
ORD2227,CUST400,2023-02-17,PROD007,1,47.93,0.0,Yes
ORD7443,CUST352,2023-02-21,PROD002,3,29.68,0.0,No
ORD8576,CUST042,2023-04-06,PROD003,3,45.84,5.0,No
ORD2693,CUST108,2024-10-29,PROD003,3,45.84,0.0,No
ORD9301,CUST289,2022-11-23,PROD003,1,45.84,0.0,Yes
ORD8849,CUST136,2022-07-13,PROD010,3,32.34,5.0,Yes
ORD3653,CUST238,2022-05-03,PROD003,3,45.84,5.0,No
ORD9651,CUST057,2022-01-19,PROD002,2,29.68,0.0,No
ORD6943,CUST175,2022-06-29,PROD009,1,50.53,0.0,Yes
ORD4635,CUST155,2024-11-14,PROD007,1,47.93,0.0,No
ORD2212,CUST367,2024-02-23,PROD010,1,32.34,5.0,No
ORD1762,CUST315,2023-10-26,PROD008,2,51.05,10.0,No
ORD5484,CUST050,2022-07-31,PROD009,1,50.53,5.0,No
ORD9482,CUST327,2023-04-02,PROD005,2,37.2,5.0,No
ORD9889,CUST374,2022-02-14,PROD002,3,29.68,5.0,No
ORD7630,CUST345,2023-04-22,PROD003,2,45.84,5.0,No
ORD1066,CUST239,2022-05-13,PROD010,2,32.34,10.0,Yes
ORD4968,CUST067,2023-03-07,PROD002,3,29.68,5.0,No
ORD1037,CUST211,2023-09-12,PROD004,3,53.8,5.0,No
ORD5711,CUST121,2023-10-04,PROD004,1,53.8,0.0,No
ORD7185,CUST425,2023-08-18,PROD004,1,53.8,5.0,No
ORD2619,CUST402,2023-07-27,PROD009,3,50.53,10.0,No
ORD2189,CUST483,2023-09-07,PROD003,1,45.84,10.0,Yes
ORD4283,CUST460,2024-06-22,PROD006,2,54.59,0.0,No
ORD2550,CUST485,2024-11-07,PROD009,3,50.53,0.0,Yes
ORD3392,CUST028,2024-07-23,PROD009,2,50.53,0.0,Yes
ORD1128,CUST223,2023-04-17,PROD008,2,51.05,5.0,No
ORD5546,CUST417,2023-10-16,PROD004,2,53.8,0.0,No
ORD2433,CUST010,2022-04-17,PROD009,1,50.53,10.0,Yes
ORD3594,CUST361,2022-12-31,PROD001,2,29.73,0.0,No
ORD4625,CUST483,2022-08-18,PROD010,1,32.34,0.0,No
ORD4165,CUST433,2022-06-29,PROD009,3,50.53,10.0,No
ORD5948,CUST480,2022-10-20,PROD008,2,51.05,0.0,No
ORD5919,CUST452,2022-12-20,PROD010,2,32.34,0.0,No
ORD6596,CUST255,2022-09-05,PROD002,3,29.68,10.0,No
ORD6743,CUST121,2023-08-24,PROD003,3,45.84,5.0,No
ORD2028,CUST032,2024-09-03,PROD001,3,29.73,5.0,No
ORD3961,CUST121,2022-08-09,PROD005,1,37.2,5.0,No
ORD5306,CUST173,2023-01-13,PROD004,1,53.8,10.0,No
ORD6832,CUST086,2023-02-07,PROD005,1,37.2,5.0,No
ORD9792,CUST478,2024-01-31,PROD006,1,54.59,5.0,No
ORD6573,CUST028,2022-03-04,PROD009,1,50.53,0.0,No
ORD3729,CUST097,2022-07-31,PROD007,2,47.93,0.0,Yes
ORD1655,CUST401,2023-05-03,PROD006,1,54.59,5.0,No
ORD6869,CUST452,2022-07-18,PROD009,3,50.53,0.0,No
ORD2643,CUST223,2023-06-05,PROD005,2,37.2,10.0,No
ORD3257,CUST235,2023-11-27,PROD004,3,53.8,0.0,Yes
ORD6464,CUST187,2023-06-25,PROD010,2,32.34,5.0,No
ORD7545,CUST242,2022-04-17,PROD002,2,29.68,5.0,No
ORD8303,CUST170,2024-11-05,PROD007,2,47.93,5.0,Yes
ORD2274,CUST048,2024-05-29,PROD002,1,29.68,10.0,No
ORD1765,CUST344,2023-02-28,PROD007,1,47.93,10.0,Yes
ORD6478,CUST096,2024-12-26,PROD006,2,54.59,10.0,No
ORD1986,CUST489,2024-12-23,PROD002,3,29.68,5.0,Yes
ORD6328,CUST264,2024-08-15,PROD007,1,47.93,10.0,Yes
ORD9460,CUST303,2023-10-13,PROD004,3,53.8,5.0,Yes
ORD3198,CUST401,2024-02-08,PROD007,2,47.93,0.0,No
ORD9019,CUST304,2022-03-01,PROD002,3,29.68,10.0,Yes
ORD7673,CUST204,2022-10-31,PROD010,3,32.34,10.0,No
ORD7051,CUST219,2022-05-01,PROD001,1,29.73,5.0,Yes
ORD7829,CUST441,2023-12-07,PROD003,1,45.84,10.0,No
ORD1744,CUST151,2023-06-12,PROD010,2,32.34,10.0,No
ORD7775,CUST080,2022-04-08,PROD001,2,29.73,5.0,Yes
ORD6830,CUST072,2022-12-21,PROD003,2,45.84,0.0,No
ORD4623,CUST459,2024-12-29,PROD003,3,45.84,5.0,No
ORD9453,CUST075,2024-07-11,PROD003,3,45.84,0.0,Yes
ORD5030,CUST261,2023-05-29,PROD004,2,53.8,5.0,Yes
ORD7805,CUST004,2023-08-02,PROD006,1,54.59,5.0,Yes
ORD2659,CUST248,2023-09-18,PROD005,3,37.2,10.0,No
ORD9722,CUST443,2022-03-11,PROD007,2,47.93,0.0,No
ORD7973,CUST155,2023-11-28,PROD003,2,45.84,10.0,Yes
ORD9470,CUST246,2022-11-28,PROD009,1,50.53,5.0,Yes
ORD3894,CUST344,2023-04-20,PROD003,3,45.84,0.0,No
ORD4978,CUST164,2022-09-12,PROD001,2,29.73,10.0,Yes
ORD2177,CUST179,2024-09-14,PROD001,2,29.73,5.0,No
ORD1515,CUST271,2024-02-26,PROD001,2,29.73,0.0,No
ORD8445,CUST400,2024-01-18,PROD006,3,54.59,0.0,No
ORD5703,CUST378,2024-08-08,PROD008,2,51.05,5.0,No
ORD1342,CUST492,2022-06-14,PROD005,2,37.2,10.0,No
ORD5931,CUST322,2024-04-25,PROD002,2,29.68,5.0,No
ORD4194,CUST349,2024-02-16,PROD003,3,45.84,10.0,No
ORD1687,CUST277,2022-05-06,PROD004,2,53.8,5.0,No
ORD6106,CUST020,2022-08-14,PROD003,1,45.84,0.0,No
ORD7711,CUST072,2022-01-24,PROD008,3,51.05,5.0,No
ORD6481,CUST189,2022-10-16,PROD006,1,54.59,0.0,Yes
ORD5818,CUST027,2023-08-31,PROD006,3,54.59,10.0,Yes
ORD9282,CUST371,2023-06-01,PROD004,1,53.8,5.0,No
ORD9730,CUST438,2022-10-16,PROD008,1,51.05,10.0,No
ORD6214,CUST384,2022-12-26,PROD010,2,32.34,0.0,No
ORD6187,CUST013,2022-01-08,PROD006,1,54.59,10.0,No
ORD7003,CUST264,2024-09-03,PROD002,2,29.68,5.0,No
ORD4277,CUST229,2022-12-17,PROD010,1,32.34,10.0,No
ORD4979,CUST493,2023-11-28,PROD002,2,29.68,5.0,No
ORD9579,CUST334,2022-01-17,PROD010,1,32.34,0.0,No
ORD8118,CUST332,2023-10-30,PROD010,2,32.34,5.0,Yes
ORD4567,CUST497,2024-06-22,PROD001,3,29.73,0.0,No
ORD6273,CUST470,2023-02-04,PROD009,3,50.53,0.0,No
ORD7785,CUST456,2024-10-26,PROD004,2,53.8,5.0,No
ORD8306,CUST424,2024-04-28,PROD009,1,50.53,5.0,No
ORD5804,CUST002,2022-01-15,PROD008,2,51.05,5.0,No
ORD7723,CUST128,2024-07-24,PROD008,3,51.05,10.0,Yes
ORD5147,CUST134,2024-06-17,PROD005,3,37.2,5.0,Yes
ORD2062,CUST221,2024-11-13,PROD005,1,37.2,10.0,No
ORD5087,CUST100,2023-02-04,PROD001,3,29.73,0.0,No
ORD1963,CUST309,2022-03-21,PROD001,2,29.73,5.0,No
ORD9099,CUST080,2023-10-08,PROD005,1,37.2,0.0,No
ORD7392,CUST350,2024-06-30,PROD005,1,37.2,10.0,No
ORD7376,CUST226,2022-05-23,PROD005,2,37.2,0.0,Yes
ORD1167,CUST409,2024-12-29,PROD010,2,32.34,0.0,No
ORD1350,CUST137,2024-01-02,PROD003,2,45.84,10.0,No
ORD6729,CUST187,2022-11-26,PROD001,3,29.73,5.0,No
ORD4458,CUST424,2024-01-27,PROD006,2,54.59,10.0,No
ORD3109,CUST257,2024-07-08,PROD002,2,29.68,5.0,No
ORD6743,CUST111,2023-07-20,PROD004,3,53.8,0.0,No
ORD4333,CUST034,2023-01-16,PROD007,1,47.93,10.0,No
ORD2663,CUST045,2023-01-31,PROD006,2,54.59,10.0,Yes
ORD8726,CUST265,2023-12-25,PROD009,3,50.53,5.0,No
ORD1790,CUST033,2024-04-05,PROD003,3,45.84,10.0,No
ORD1347,CUST355,2023-09-20,PROD007,1,47.93,5.0,No
ORD2041,CUST401,2024-03-09,PROD005,2,37.2,10.0,No
ORD2775,CUST202,2023-12-06,PROD010,2,32.34,10.0,Yes
ORD9952,CUST163,2022-07-19,PROD008,3,51.05,5.0,Yes
ORD6684,CUST496,2023-09-03,PROD002,1,29.68,0.0,No
ORD1050,CUST265,2023-07-13,PROD009,2,50.53,10.0,No
ORD6230,CUST044,2024-04-19,PROD010,1,32.34,5.0,No
ORD1554,CUST062,2024-05-09,PROD003,1,45.84,10.0,No
ORD3758,CUST443,2024-07-20,PROD007,3,47.93,10.0,No
ORD5170,CUST260,2024-08-07,PROD005,3,37.2,0.0,No
ORD4863,CUST384,2023-03-26,PROD009,2,50.53,10.0,Yes
ORD2042,CUST403,2022-06-05,PROD007,1,47.93,5.0,No
ORD7632,CUST484,2024-01-18,PROD005,1,37.2,5.0,No
ORD4656,CUST025,2024-09-12,PROD009,1,50.53,5.0,No
ORD1922,CUST133,2022-08-26,PROD010,1,32.34,10.0,No
ORD3980,CUST415,2024-11-16,PROD004,2,53.8,10.0,No
ORD7778,CUST238,2024-12-14,PROD007,3,47.93,0.0,No
ORD4529,CUST447,2022-04-26,PROD003,1,45.84,5.0,No
ORD6338,CUST112,2024-06-10,PROD003,1,45.84,10.0,Yes
